ISO-10303-21;
HEADER;
/* Generated by software containing ST-Developer
 * from STEP Tools, Inc. (www.steptools.com) 
 */

FILE_DESCRIPTION(
/* description */ ('STEP AP214'),
/* implementation_level */ '2;1');

FILE_NAME(
/* name */ 
'C:\\Users\\rabri\\Desktop\\Murata mod\\2\\Cap_ECASD40E337M006KA0_2917.
stp',
/* time_stamp */ '2022-11-14T21:16:23-04:00',
/* author */ ('rabri'),
/* organization */ (''),
/* preprocessor_version */ 'ST-DEVELOPER v18',
/* originating_system */ 'Autodesk Inventor 2020',
/* authorisation */ '');

FILE_SCHEMA (('AUTOMOTIVE_DESIGN { 1 0 10303 214 3 1 1 }'));
ENDSEC;

DATA;
#10=MECHANICAL_DESIGN_GEOMETRIC_PRESENTATION_REPRESENTATION('',(#44,#45,
#46,#47),#2375);
#11=ITEM_DEFINED_TRANSFORMATION($,$,#1391,#1554);
#12=ITEM_DEFINED_TRANSFORMATION($,$,#1547,#1555);
#13=(
REPRESENTATION_RELATIONSHIP($,$,#2389,#2388)
REPRESENTATION_RELATIONSHIP_WITH_TRANSFORMATION(#11)
SHAPE_REPRESENTATION_RELATIONSHIP()
);
#14=(
REPRESENTATION_RELATIONSHIP($,$,#2390,#2388)
REPRESENTATION_RELATIONSHIP_WITH_TRANSFORMATION(#12)
SHAPE_REPRESENTATION_RELATIONSHIP()
);
#15=CONTEXT_DEPENDENT_SHAPE_REPRESENTATION(#13,#2386);
#16=CONTEXT_DEPENDENT_SHAPE_REPRESENTATION(#14,#2387);
#17=NEXT_ASSEMBLY_USAGE_OCCURRENCE('ECASD40E337M006KA0_1',
'ECASD40E337M006KA0_1','ECASD40E337M006KA0_1',#2392,#2393,
'ECASD40E337M006KA0_1');
#18=NEXT_ASSEMBLY_USAGE_OCCURRENCE('Marking_2','Marking_2','Marking_2',
#2392,#2394,'Marking_2');
#19=SHAPE_REPRESENTATION_RELATIONSHIP('SRR','None',#2389,#21);
#20=SHAPE_REPRESENTATION_RELATIONSHIP('SRR','None',#2390,#22);
#21=ADVANCED_BREP_SHAPE_REPRESENTATION('',(#48,#49,#50),#2373);
#22=ADVANCED_BREP_SHAPE_REPRESENTATION('',(#51),#2374);
#23=TOROIDAL_SURFACE('',#1457,0.1,0.05);
#24=TOROIDAL_SURFACE('',#1465,0.1,0.05);
#25=TOROIDAL_SURFACE('',#1482,0.1,0.05);
#26=TOROIDAL_SURFACE('',#1488,0.1,0.05);
#27=TOROIDAL_SURFACE('',#1498,0.1,0.05);
#28=TOROIDAL_SURFACE('',#1500,0.1,0.05);
#29=SPHERICAL_SURFACE('',#1440,0.05);
#30=SPHERICAL_SURFACE('',#1443,0.05);
#31=SPHERICAL_SURFACE('',#1459,0.05);
#32=SPHERICAL_SURFACE('',#1462,0.05);
#33=SPHERICAL_SURFACE('',#1484,0.05);
#34=SPHERICAL_SURFACE('',#1486,0.05);
#35=SPHERICAL_SURFACE('',#1506,0.05);
#36=SPHERICAL_SURFACE('',#1509,0.05);
#37=SPHERICAL_SURFACE('',#1526,0.05);
#38=SPHERICAL_SURFACE('',#1528,0.05);
#39=SPHERICAL_SURFACE('',#1530,0.05);
#40=SPHERICAL_SURFACE('',#1532,0.05);
#41=SPHERICAL_SURFACE('',#1542,0.05);
#42=SPHERICAL_SURFACE('',#1544,0.05);
#43=FACE_BOUND('',#271,.T.);
#44=STYLED_ITEM('',(#1337),#48);
#45=STYLED_ITEM('',(#1337),#49);
#46=STYLED_ITEM('',(#1338),#50);
#47=STYLED_ITEM('',(#1339),#51);
#48=MANIFOLD_SOLID_BREP('Solid1',#1309);
#49=MANIFOLD_SOLID_BREP('Solid2',#1310);
#50=MANIFOLD_SOLID_BREP('Solid3',#1311);
#51=MANIFOLD_SOLID_BREP('Solid1',#1312);
#52=CIRCLE('',#1395,0.15);
#53=CIRCLE('',#1396,0.15);
#54=CIRCLE('',#1399,0.15);
#55=CIRCLE('',#1400,0.15);
#56=CIRCLE('',#1407,0.149999999999999);
#57=CIRCLE('',#1408,0.149999999999999);
#58=CIRCLE('',#1411,0.15);
#59=CIRCLE('',#1412,0.15);
#60=CIRCLE('',#1424,0.1);
#61=CIRCLE('',#1425,0.1);
#62=CIRCLE('',#1426,0.1);
#63=CIRCLE('',#1427,0.1);
#64=CIRCLE('',#1428,0.1);
#65=CIRCLE('',#1429,0.1);
#66=CIRCLE('',#1438,0.0500000000000001);
#67=CIRCLE('',#1439,0.0500000000000001);
#68=CIRCLE('',#1441,0.05);
#69=CIRCLE('',#1442,0.0499999999999999);
#70=CIRCLE('',#1444,0.0499999999999999);
#71=CIRCLE('',#1445,0.05);
#72=CIRCLE('',#1447,0.0499999999999999);
#73=CIRCLE('',#1449,0.05);
#74=CIRCLE('',#1451,0.05);
#75=CIRCLE('',#1453,0.0499999999999999);
#76=CIRCLE('',#1455,0.0500000000000001);
#77=CIRCLE('',#1456,0.0500000000000001);
#78=CIRCLE('',#1458,0.05);
#79=CIRCLE('',#1460,0.0500000000000001);
#80=CIRCLE('',#1461,0.0499999999999999);
#81=CIRCLE('',#1463,0.0499999999999999);
#82=CIRCLE('',#1464,0.05);
#83=CIRCLE('',#1466,0.05);
#84=CIRCLE('',#1468,0.05);
#85=CIRCLE('',#1470,0.0499999999999999);
#86=CIRCLE('',#1472,0.0500000000000001);
#87=CIRCLE('',#1474,0.05);
#88=CIRCLE('',#1475,0.05);
#89=CIRCLE('',#1477,0.05);
#90=CIRCLE('',#1479,0.0499999999999999);
#91=CIRCLE('',#1481,0.05);
#92=CIRCLE('',#1483,0.0500000000000001);
#93=CIRCLE('',#1485,0.0499999999999999);
#94=CIRCLE('',#1487,0.0499999999999999);
#95=CIRCLE('',#1489,0.05);
#96=CIRCLE('',#1491,0.0500000000000001);
#97=CIRCLE('',#1493,0.0499999999999999);
#98=CIRCLE('',#1495,0.0499999999999999);
#99=CIRCLE('',#1497,0.05);
#100=CIRCLE('',#1499,0.05);
#101=CIRCLE('',#1501,0.05);
#102=CIRCLE('',#1504,0.0499999999999999);
#103=CIRCLE('',#1505,0.0499999999999999);
#104=CIRCLE('',#1507,0.0500000000000001);
#105=CIRCLE('',#1508,0.0499999999999999);
#106=CIRCLE('',#1510,0.0499999999999999);
#107=CIRCLE('',#1511,0.0500000000000001);
#108=CIRCLE('',#1513,0.0499999999999999);
#109=CIRCLE('',#1515,0.0500000000000001);
#110=CIRCLE('',#1517,0.05);
#111=CIRCLE('',#1518,0.05);
#112=CIRCLE('',#1520,0.0500000000000001);
#113=CIRCLE('',#1522,0.0499999999999999);
#114=CIRCLE('',#1524,0.0499999999999999);
#115=CIRCLE('',#1525,0.0499999999999999);
#116=CIRCLE('',#1527,0.0500000000000001);
#117=CIRCLE('',#1529,0.05);
#118=CIRCLE('',#1531,0.05);
#119=CIRCLE('',#1533,0.0500000000000001);
#120=CIRCLE('',#1535,0.0500000000000001);
#121=CIRCLE('',#1537,0.05);
#122=CIRCLE('',#1539,0.05);
#123=CIRCLE('',#1541,0.0500000000000001);
#124=CIRCLE('',#1543,0.05);
#125=CIRCLE('',#1545,0.0500000000000001);
#126=CYLINDRICAL_SURFACE('',#1394,0.15);
#127=CYLINDRICAL_SURFACE('',#1398,0.15);
#128=CYLINDRICAL_SURFACE('',#1406,0.149999999999999);
#129=CYLINDRICAL_SURFACE('',#1410,0.15);
#130=CYLINDRICAL_SURFACE('',#1437,0.0500000000000001);
#131=CYLINDRICAL_SURFACE('',#1446,0.0499999999999999);
#132=CYLINDRICAL_SURFACE('',#1448,0.05);
#133=CYLINDRICAL_SURFACE('',#1450,0.0499999999999999);
#134=CYLINDRICAL_SURFACE('',#1452,0.0499999999999999);
#135=CYLINDRICAL_SURFACE('',#1454,0.05);
#136=CYLINDRICAL_SURFACE('',#1467,0.05);
#137=CYLINDRICAL_SURFACE('',#1469,0.0499999999999999);
#138=CYLINDRICAL_SURFACE('',#1471,0.0500000000000001);
#139=CYLINDRICAL_SURFACE('',#1473,0.0499999999999999);
#140=CYLINDRICAL_SURFACE('',#1476,0.0499999999999999);
#141=CYLINDRICAL_SURFACE('',#1478,0.0499999999999999);
#142=CYLINDRICAL_SURFACE('',#1480,0.0499999999999999);
#143=CYLINDRICAL_SURFACE('',#1490,0.0500000000000001);
#144=CYLINDRICAL_SURFACE('',#1492,0.0499999999999999);
#145=CYLINDRICAL_SURFACE('',#1494,0.0499999999999999);
#146=CYLINDRICAL_SURFACE('',#1496,0.0499999999999999);
#147=CYLINDRICAL_SURFACE('',#1502,0.0499999999999999);
#148=CYLINDRICAL_SURFACE('',#1503,0.0499999999999999);
#149=CYLINDRICAL_SURFACE('',#1512,0.0499999999999999);
#150=CYLINDRICAL_SURFACE('',#1514,0.0500000000000001);
#151=CYLINDRICAL_SURFACE('',#1516,0.05);
#152=CYLINDRICAL_SURFACE('',#1519,0.0500000000000001);
#153=CYLINDRICAL_SURFACE('',#1521,0.0499999999999999);
#154=CYLINDRICAL_SURFACE('',#1523,0.0499999999999999);
#155=CYLINDRICAL_SURFACE('',#1534,0.0500000000000001);
#156=CYLINDRICAL_SURFACE('',#1536,0.05);
#157=CYLINDRICAL_SURFACE('',#1538,0.05);
#158=CYLINDRICAL_SURFACE('',#1540,0.0500000000000001);
#159=CYLINDRICAL_SURFACE('',#1546,0.05);
#160=FACE_OUTER_BOUND('',#247,.T.);
#161=FACE_OUTER_BOUND('',#248,.T.);
#162=FACE_OUTER_BOUND('',#249,.T.);
#163=FACE_OUTER_BOUND('',#250,.T.);
#164=FACE_OUTER_BOUND('',#251,.T.);
#165=FACE_OUTER_BOUND('',#252,.T.);
#166=FACE_OUTER_BOUND('',#253,.T.);
#167=FACE_OUTER_BOUND('',#254,.T.);
#168=FACE_OUTER_BOUND('',#255,.T.);
#169=FACE_OUTER_BOUND('',#256,.T.);
#170=FACE_OUTER_BOUND('',#257,.T.);
#171=FACE_OUTER_BOUND('',#258,.T.);
#172=FACE_OUTER_BOUND('',#259,.T.);
#173=FACE_OUTER_BOUND('',#260,.T.);
#174=FACE_OUTER_BOUND('',#261,.T.);
#175=FACE_OUTER_BOUND('',#262,.T.);
#176=FACE_OUTER_BOUND('',#263,.T.);
#177=FACE_OUTER_BOUND('',#264,.T.);
#178=FACE_OUTER_BOUND('',#265,.T.);
#179=FACE_OUTER_BOUND('',#266,.T.);
#180=FACE_OUTER_BOUND('',#267,.T.);
#181=FACE_OUTER_BOUND('',#268,.T.);
#182=FACE_OUTER_BOUND('',#269,.T.);
#183=FACE_OUTER_BOUND('',#270,.T.);
#184=FACE_OUTER_BOUND('',#272,.T.);
#185=FACE_OUTER_BOUND('',#273,.T.);
#186=FACE_OUTER_BOUND('',#274,.T.);
#187=FACE_OUTER_BOUND('',#275,.T.);
#188=FACE_OUTER_BOUND('',#276,.T.);
#189=FACE_OUTER_BOUND('',#277,.T.);
#190=FACE_OUTER_BOUND('',#278,.T.);
#191=FACE_OUTER_BOUND('',#279,.T.);
#192=FACE_OUTER_BOUND('',#280,.T.);
#193=FACE_OUTER_BOUND('',#281,.T.);
#194=FACE_OUTER_BOUND('',#282,.T.);
#195=FACE_OUTER_BOUND('',#283,.T.);
#196=FACE_OUTER_BOUND('',#284,.T.);
#197=FACE_OUTER_BOUND('',#285,.T.);
#198=FACE_OUTER_BOUND('',#286,.T.);
#199=FACE_OUTER_BOUND('',#287,.T.);
#200=FACE_OUTER_BOUND('',#288,.T.);
#201=FACE_OUTER_BOUND('',#289,.T.);
#202=FACE_OUTER_BOUND('',#290,.T.);
#203=FACE_OUTER_BOUND('',#291,.T.);
#204=FACE_OUTER_BOUND('',#292,.T.);
#205=FACE_OUTER_BOUND('',#293,.T.);
#206=FACE_OUTER_BOUND('',#294,.T.);
#207=FACE_OUTER_BOUND('',#295,.T.);
#208=FACE_OUTER_BOUND('',#296,.T.);
#209=FACE_OUTER_BOUND('',#297,.T.);
#210=FACE_OUTER_BOUND('',#298,.T.);
#211=FACE_OUTER_BOUND('',#299,.T.);
#212=FACE_OUTER_BOUND('',#300,.T.);
#213=FACE_OUTER_BOUND('',#301,.T.);
#214=FACE_OUTER_BOUND('',#302,.T.);
#215=FACE_OUTER_BOUND('',#303,.T.);
#216=FACE_OUTER_BOUND('',#304,.T.);
#217=FACE_OUTER_BOUND('',#305,.T.);
#218=FACE_OUTER_BOUND('',#306,.T.);
#219=FACE_OUTER_BOUND('',#307,.T.);
#220=FACE_OUTER_BOUND('',#308,.T.);
#221=FACE_OUTER_BOUND('',#309,.T.);
#222=FACE_OUTER_BOUND('',#310,.T.);
#223=FACE_OUTER_BOUND('',#311,.T.);
#224=FACE_OUTER_BOUND('',#312,.T.);
#225=FACE_OUTER_BOUND('',#313,.T.);
#226=FACE_OUTER_BOUND('',#314,.T.);
#227=FACE_OUTER_BOUND('',#315,.T.);
#228=FACE_OUTER_BOUND('',#316,.T.);
#229=FACE_OUTER_BOUND('',#317,.T.);
#230=FACE_OUTER_BOUND('',#318,.T.);
#231=FACE_OUTER_BOUND('',#319,.T.);
#232=FACE_OUTER_BOUND('',#320,.T.);
#233=FACE_OUTER_BOUND('',#321,.T.);
#234=FACE_OUTER_BOUND('',#322,.T.);
#235=FACE_OUTER_BOUND('',#323,.T.);
#236=FACE_OUTER_BOUND('',#324,.T.);
#237=FACE_OUTER_BOUND('',#325,.T.);
#238=FACE_OUTER_BOUND('',#326,.T.);
#239=FACE_OUTER_BOUND('',#327,.T.);
#240=FACE_OUTER_BOUND('',#328,.T.);
#241=FACE_OUTER_BOUND('',#329,.T.);
#242=FACE_OUTER_BOUND('',#330,.T.);
#243=FACE_OUTER_BOUND('',#331,.T.);
#244=FACE_OUTER_BOUND('',#332,.T.);
#245=FACE_OUTER_BOUND('',#333,.T.);
#246=FACE_OUTER_BOUND('',#334,.T.);
#247=EDGE_LOOP('',(#829,#830,#831,#832));
#248=EDGE_LOOP('',(#833,#834,#835,#836));
#249=EDGE_LOOP('',(#837,#838,#839,#840));
#250=EDGE_LOOP('',(#841,#842,#843,#844));
#251=EDGE_LOOP('',(#845,#846,#847,#848));
#252=EDGE_LOOP('',(#849,#850,#851,#852));
#253=EDGE_LOOP('',(#853,#854,#855,#856));
#254=EDGE_LOOP('',(#857,#858,#859,#860,#861,#862,#863));
#255=EDGE_LOOP('',(#864,#865,#866,#867,#868,#869,#870));
#256=EDGE_LOOP('',(#871,#872,#873,#874));
#257=EDGE_LOOP('',(#875,#876,#877,#878));
#258=EDGE_LOOP('',(#879,#880,#881,#882));
#259=EDGE_LOOP('',(#883,#884,#885,#886));
#260=EDGE_LOOP('',(#887,#888,#889,#890));
#261=EDGE_LOOP('',(#891,#892,#893,#894));
#262=EDGE_LOOP('',(#895,#896,#897,#898));
#263=EDGE_LOOP('',(#899,#900,#901,#902,#903,#904,#905));
#264=EDGE_LOOP('',(#906,#907,#908,#909,#910,#911,#912));
#265=EDGE_LOOP('',(#913,#914,#915,#916));
#266=EDGE_LOOP('',(#917,#918,#919,#920));
#267=EDGE_LOOP('',(#921,#922,#923,#924));
#268=EDGE_LOOP('',(#925,#926,#927,#928));
#269=EDGE_LOOP('',(#929,#930,#931,#932));
#270=EDGE_LOOP('',(#933,#934,#935,#936));
#271=EDGE_LOOP('',(#937,#938,#939,#940,#941,#942,#943,#944,#945,#946,#947,
#948));
#272=EDGE_LOOP('',(#949,#950,#951,#952));
#273=EDGE_LOOP('',(#953,#954,#955,#956));
#274=EDGE_LOOP('',(#957,#958,#959,#960));
#275=EDGE_LOOP('',(#961,#962,#963,#964));
#276=EDGE_LOOP('',(#965,#966,#967,#968));
#277=EDGE_LOOP('',(#969,#970,#971,#972));
#278=EDGE_LOOP('',(#973,#974,#975,#976,#977,#978));
#279=EDGE_LOOP('',(#979,#980,#981,#982));
#280=EDGE_LOOP('',(#983,#984,#985));
#281=EDGE_LOOP('',(#986,#987,#988));
#282=EDGE_LOOP('',(#989,#990,#991,#992));
#283=EDGE_LOOP('',(#993,#994,#995,#996));
#284=EDGE_LOOP('',(#997,#998,#999,#1000));
#285=EDGE_LOOP('',(#1001,#1002,#1003,#1004));
#286=EDGE_LOOP('',(#1005,#1006,#1007,#1008));
#287=EDGE_LOOP('',(#1009,#1010,#1011,#1012));
#288=EDGE_LOOP('',(#1013,#1014,#1015));
#289=EDGE_LOOP('',(#1016,#1017,#1018));
#290=EDGE_LOOP('',(#1019,#1020,#1021,#1022));
#291=EDGE_LOOP('',(#1023,#1024,#1025,#1026));
#292=EDGE_LOOP('',(#1027,#1028,#1029,#1030));
#293=EDGE_LOOP('',(#1031,#1032,#1033,#1034));
#294=EDGE_LOOP('',(#1035,#1036,#1037,#1038));
#295=EDGE_LOOP('',(#1039,#1040,#1041,#1042));
#296=EDGE_LOOP('',(#1043,#1044,#1045,#1046));
#297=EDGE_LOOP('',(#1047,#1048,#1049,#1050));
#298=EDGE_LOOP('',(#1051,#1052,#1053,#1054));
#299=EDGE_LOOP('',(#1055,#1056,#1057));
#300=EDGE_LOOP('',(#1058,#1059,#1060));
#301=EDGE_LOOP('',(#1061,#1062,#1063,#1064));
#302=EDGE_LOOP('',(#1065,#1066,#1067,#1068));
#303=EDGE_LOOP('',(#1069,#1070,#1071,#1072));
#304=EDGE_LOOP('',(#1073,#1074,#1075,#1076));
#305=EDGE_LOOP('',(#1077,#1078,#1079,#1080));
#306=EDGE_LOOP('',(#1081,#1082,#1083,#1084));
#307=EDGE_LOOP('',(#1085,#1086,#1087,#1088));
#308=EDGE_LOOP('',(#1089,#1090,#1091,#1092));
#309=EDGE_LOOP('',(#1093,#1094,#1095,#1096));
#310=EDGE_LOOP('',(#1097,#1098,#1099));
#311=EDGE_LOOP('',(#1100,#1101,#1102));
#312=EDGE_LOOP('',(#1103,#1104,#1105,#1106));
#313=EDGE_LOOP('',(#1107,#1108,#1109,#1110));
#314=EDGE_LOOP('',(#1111,#1112,#1113,#1114));
#315=EDGE_LOOP('',(#1115,#1116,#1117,#1118));
#316=EDGE_LOOP('',(#1119,#1120,#1121,#1122));
#317=EDGE_LOOP('',(#1123,#1124,#1125,#1126));
#318=EDGE_LOOP('',(#1127,#1128,#1129));
#319=EDGE_LOOP('',(#1130,#1131,#1132));
#320=EDGE_LOOP('',(#1133,#1134,#1135));
#321=EDGE_LOOP('',(#1136,#1137,#1138));
#322=EDGE_LOOP('',(#1139,#1140,#1141,#1142));
#323=EDGE_LOOP('',(#1143,#1144,#1145,#1146));
#324=EDGE_LOOP('',(#1147,#1148,#1149,#1150));
#325=EDGE_LOOP('',(#1151,#1152,#1153,#1154));
#326=EDGE_LOOP('',(#1155,#1156,#1157));
#327=EDGE_LOOP('',(#1158,#1159,#1160));
#328=EDGE_LOOP('',(#1161,#1162,#1163,#1164));
#329=EDGE_LOOP('',(#1165,#1166,#1167,#1168));
#330=EDGE_LOOP('',(#1169,#1170,#1171,#1172));
#331=EDGE_LOOP('',(#1173,#1174,#1175,#1176));
#332=EDGE_LOOP('',(#1177,#1178,#1179,#1180));
#333=EDGE_LOOP('',(#1181,#1182,#1183,#1184));
#334=EDGE_LOOP('',(#1185,#1186,#1187,#1188));
#335=LINE('',#1999,#441);
#336=LINE('',#2001,#442);
#337=LINE('',#2003,#443);
#338=LINE('',#2004,#444);
#339=LINE('',#2007,#445);
#340=LINE('',#2009,#446);
#341=LINE('',#2010,#447);
#342=LINE('',#2015,#448);
#343=LINE('',#2019,#449);
#344=LINE('',#2021,#450);
#345=LINE('',#2022,#451);
#346=LINE('',#2027,#452);
#347=LINE('',#2031,#453);
#348=LINE('',#2033,#454);
#349=LINE('',#2034,#455);
#350=LINE('',#2036,#456);
#351=LINE('',#2037,#457);
#352=LINE('',#2043,#458);
#353=LINE('',#2045,#459);
#354=LINE('',#2047,#460);
#355=LINE('',#2048,#461);
#356=LINE('',#2053,#462);
#357=LINE('',#2057,#463);
#358=LINE('',#2059,#464);
#359=LINE('',#2060,#465);
#360=LINE('',#2065,#466);
#361=LINE('',#2069,#467);
#362=LINE('',#2071,#468);
#363=LINE('',#2072,#469);
#364=LINE('',#2075,#470);
#365=LINE('',#2077,#471);
#366=LINE('',#2078,#472);
#367=LINE('',#2080,#473);
#368=LINE('',#2081,#474);
#369=LINE('',#2087,#475);
#370=LINE('',#2089,#476);
#371=LINE('',#2091,#477);
#372=LINE('',#2092,#478);
#373=LINE('',#2096,#479);
#374=LINE('',#2098,#480);
#375=LINE('',#2100,#481);
#376=LINE('',#2101,#482);
#377=LINE('',#2105,#483);
#378=LINE('',#2107,#484);
#379=LINE('',#2109,#485);
#380=LINE('',#2110,#486);
#381=LINE('',#2114,#487);
#382=LINE('',#2116,#488);
#383=LINE('',#2118,#489);
#384=LINE('',#2119,#490);
#385=LINE('',#2123,#491);
#386=LINE('',#2125,#492);
#387=LINE('',#2127,#493);
#388=LINE('',#2128,#494);
#389=LINE('',#2132,#495);
#390=LINE('',#2134,#496);
#391=LINE('',#2136,#497);
#392=LINE('',#2137,#498);
#393=LINE('',#2142,#499);
#394=LINE('',#2146,#500);
#395=LINE('',#2150,#501);
#396=LINE('',#2154,#502);
#397=LINE('',#2158,#503);
#398=LINE('',#2161,#504);
#399=LINE('',#2165,#505);
#400=LINE('',#2167,#506);
#401=LINE('',#2169,#507);
#402=LINE('',#2170,#508);
#403=LINE('',#2174,#509);
#404=LINE('',#2176,#510);
#405=LINE('',#2178,#511);
#406=LINE('',#2179,#512);
#407=LINE('',#2183,#513);
#408=LINE('',#2185,#514);
#409=LINE('',#2187,#515);
#410=LINE('',#2188,#516);
#411=LINE('',#2192,#517);
#412=LINE('',#2194,#518);
#413=LINE('',#2196,#519);
#414=LINE('',#2197,#520);
#415=LINE('',#2201,#521);
#416=LINE('',#2203,#522);
#417=LINE('',#2205,#523);
#418=LINE('',#2206,#524);
#419=LINE('',#2210,#525);
#420=LINE('',#2212,#526);
#421=LINE('',#2214,#527);
#422=LINE('',#2215,#528);
#423=LINE('',#2219,#529);
#424=LINE('',#2221,#530);
#425=LINE('',#2223,#531);
#426=LINE('',#2225,#532);
#427=LINE('',#2227,#533);
#428=LINE('',#2228,#534);
#429=LINE('',#2343,#535);
#430=LINE('',#2345,#536);
#431=LINE('',#2347,#537);
#432=LINE('',#2348,#538);
#433=LINE('',#2351,#539);
#434=LINE('',#2353,#540);
#435=LINE('',#2354,#541);
#436=LINE('',#2357,#542);
#437=LINE('',#2359,#543);
#438=LINE('',#2360,#544);
#439=LINE('',#2362,#545);
#440=LINE('',#2363,#546);
#441=VECTOR('',#1562,1000.);
#442=VECTOR('',#1563,1000.);
#443=VECTOR('',#1564,1000.);
#444=VECTOR('',#1565,1000.);
#445=VECTOR('',#1568,1000.);
#446=VECTOR('',#1569,1000.);
#447=VECTOR('',#1570,1000.);
#448=VECTOR('',#1575,1000.);
#449=VECTOR('',#1580,1000.);
#450=VECTOR('',#1581,1000.);
#451=VECTOR('',#1582,1000.);
#452=VECTOR('',#1587,1000.);
#453=VECTOR('',#1592,1000.);
#454=VECTOR('',#1593,1000.);
#455=VECTOR('',#1594,1000.);
#456=VECTOR('',#1597,1000.);
#457=VECTOR('',#1598,1000.);
#458=VECTOR('',#1605,1000.);
#459=VECTOR('',#1606,1000.);
#460=VECTOR('',#1607,1000.);
#461=VECTOR('',#1608,1000.);
#462=VECTOR('',#1613,1000.);
#463=VECTOR('',#1618,1000.);
#464=VECTOR('',#1619,1000.);
#465=VECTOR('',#1620,1000.);
#466=VECTOR('',#1625,1000.);
#467=VECTOR('',#1630,1000.);
#468=VECTOR('',#1631,1000.);
#469=VECTOR('',#1632,1000.);
#470=VECTOR('',#1635,1000.);
#471=VECTOR('',#1636,1000.);
#472=VECTOR('',#1637,1000.);
#473=VECTOR('',#1640,1000.);
#474=VECTOR('',#1641,1000.);
#475=VECTOR('',#1648,1000.);
#476=VECTOR('',#1649,1000.);
#477=VECTOR('',#1650,1000.);
#478=VECTOR('',#1651,1000.);
#479=VECTOR('',#1654,1000.);
#480=VECTOR('',#1655,1000.);
#481=VECTOR('',#1656,1000.);
#482=VECTOR('',#1657,1000.);
#483=VECTOR('',#1660,1000.);
#484=VECTOR('',#1661,1000.);
#485=VECTOR('',#1662,1000.);
#486=VECTOR('',#1663,1000.);
#487=VECTOR('',#1666,1000.);
#488=VECTOR('',#1667,1000.);
#489=VECTOR('',#1668,1000.);
#490=VECTOR('',#1669,1000.);
#491=VECTOR('',#1672,1000.);
#492=VECTOR('',#1673,1000.);
#493=VECTOR('',#1674,1000.);
#494=VECTOR('',#1675,1000.);
#495=VECTOR('',#1678,1000.);
#496=VECTOR('',#1679,1000.);
#497=VECTOR('',#1680,1000.);
#498=VECTOR('',#1681,1000.);
#499=VECTOR('',#1684,1000.);
#500=VECTOR('',#1687,1000.);
#501=VECTOR('',#1690,1000.);
#502=VECTOR('',#1693,1000.);
#503=VECTOR('',#1696,1000.);
#504=VECTOR('',#1699,1000.);
#505=VECTOR('',#1702,1000.);
#506=VECTOR('',#1703,1000.);
#507=VECTOR('',#1704,1000.);
#508=VECTOR('',#1705,1000.);
#509=VECTOR('',#1708,1000.);
#510=VECTOR('',#1709,1000.);
#511=VECTOR('',#1710,1000.);
#512=VECTOR('',#1711,1000.);
#513=VECTOR('',#1714,1000.);
#514=VECTOR('',#1715,1000.);
#515=VECTOR('',#1716,1000.);
#516=VECTOR('',#1717,1000.);
#517=VECTOR('',#1720,1000.);
#518=VECTOR('',#1721,1000.);
#519=VECTOR('',#1722,1000.);
#520=VECTOR('',#1723,1000.);
#521=VECTOR('',#1726,1000.);
#522=VECTOR('',#1727,1000.);
#523=VECTOR('',#1728,1000.);
#524=VECTOR('',#1729,1000.);
#525=VECTOR('',#1732,1000.);
#526=VECTOR('',#1733,1000.);
#527=VECTOR('',#1734,1000.);
#528=VECTOR('',#1735,1000.);
#529=VECTOR('',#1738,1000.);
#530=VECTOR('',#1739,1000.);
#531=VECTOR('',#1740,1000.);
#532=VECTOR('',#1741,1000.);
#533=VECTOR('',#1742,1000.);
#534=VECTOR('',#1743,1000.);
#535=VECTOR('',#1968,1000.);
#536=VECTOR('',#1969,1000.);
#537=VECTOR('',#1970,1000.);
#538=VECTOR('',#1971,1000.);
#539=VECTOR('',#1974,1000.);
#540=VECTOR('',#1975,1000.);
#541=VECTOR('',#1976,1000.);
#542=VECTOR('',#1979,1000.);
#543=VECTOR('',#1980,1000.);
#544=VECTOR('',#1981,1000.);
#545=VECTOR('',#1984,1000.);
#546=VECTOR('',#1985,1000.);
#547=VERTEX_POINT('',#1997);
#548=VERTEX_POINT('',#1998);
#549=VERTEX_POINT('',#2000);
#550=VERTEX_POINT('',#2002);
#551=VERTEX_POINT('',#2006);
#552=VERTEX_POINT('',#2008);
#553=VERTEX_POINT('',#2012);
#554=VERTEX_POINT('',#2014);
#555=VERTEX_POINT('',#2018);
#556=VERTEX_POINT('',#2020);
#557=VERTEX_POINT('',#2024);
#558=VERTEX_POINT('',#2026);
#559=VERTEX_POINT('',#2030);
#560=VERTEX_POINT('',#2032);
#561=VERTEX_POINT('',#2041);
#562=VERTEX_POINT('',#2042);
#563=VERTEX_POINT('',#2044);
#564=VERTEX_POINT('',#2046);
#565=VERTEX_POINT('',#2050);
#566=VERTEX_POINT('',#2052);
#567=VERTEX_POINT('',#2056);
#568=VERTEX_POINT('',#2058);
#569=VERTEX_POINT('',#2062);
#570=VERTEX_POINT('',#2064);
#571=VERTEX_POINT('',#2068);
#572=VERTEX_POINT('',#2070);
#573=VERTEX_POINT('',#2074);
#574=VERTEX_POINT('',#2076);
#575=VERTEX_POINT('',#2085);
#576=VERTEX_POINT('',#2086);
#577=VERTEX_POINT('',#2088);
#578=VERTEX_POINT('',#2090);
#579=VERTEX_POINT('',#2094);
#580=VERTEX_POINT('',#2095);
#581=VERTEX_POINT('',#2097);
#582=VERTEX_POINT('',#2099);
#583=VERTEX_POINT('',#2103);
#584=VERTEX_POINT('',#2104);
#585=VERTEX_POINT('',#2106);
#586=VERTEX_POINT('',#2108);
#587=VERTEX_POINT('',#2112);
#588=VERTEX_POINT('',#2113);
#589=VERTEX_POINT('',#2115);
#590=VERTEX_POINT('',#2117);
#591=VERTEX_POINT('',#2121);
#592=VERTEX_POINT('',#2122);
#593=VERTEX_POINT('',#2124);
#594=VERTEX_POINT('',#2126);
#595=VERTEX_POINT('',#2130);
#596=VERTEX_POINT('',#2131);
#597=VERTEX_POINT('',#2133);
#598=VERTEX_POINT('',#2135);
#599=VERTEX_POINT('',#2138);
#600=VERTEX_POINT('',#2139);
#601=VERTEX_POINT('',#2141);
#602=VERTEX_POINT('',#2143);
#603=VERTEX_POINT('',#2145);
#604=VERTEX_POINT('',#2147);
#605=VERTEX_POINT('',#2149);
#606=VERTEX_POINT('',#2151);
#607=VERTEX_POINT('',#2153);
#608=VERTEX_POINT('',#2155);
#609=VERTEX_POINT('',#2157);
#610=VERTEX_POINT('',#2159);
#611=VERTEX_POINT('',#2163);
#612=VERTEX_POINT('',#2164);
#613=VERTEX_POINT('',#2166);
#614=VERTEX_POINT('',#2168);
#615=VERTEX_POINT('',#2172);
#616=VERTEX_POINT('',#2173);
#617=VERTEX_POINT('',#2175);
#618=VERTEX_POINT('',#2177);
#619=VERTEX_POINT('',#2181);
#620=VERTEX_POINT('',#2182);
#621=VERTEX_POINT('',#2184);
#622=VERTEX_POINT('',#2186);
#623=VERTEX_POINT('',#2190);
#624=VERTEX_POINT('',#2191);
#625=VERTEX_POINT('',#2193);
#626=VERTEX_POINT('',#2195);
#627=VERTEX_POINT('',#2199);
#628=VERTEX_POINT('',#2200);
#629=VERTEX_POINT('',#2202);
#630=VERTEX_POINT('',#2204);
#631=VERTEX_POINT('',#2208);
#632=VERTEX_POINT('',#2209);
#633=VERTEX_POINT('',#2211);
#634=VERTEX_POINT('',#2213);
#635=VERTEX_POINT('',#2217);
#636=VERTEX_POINT('',#2218);
#637=VERTEX_POINT('',#2220);
#638=VERTEX_POINT('',#2222);
#639=VERTEX_POINT('',#2224);
#640=VERTEX_POINT('',#2226);
#641=VERTEX_POINT('',#2341);
#642=VERTEX_POINT('',#2342);
#643=VERTEX_POINT('',#2344);
#644=VERTEX_POINT('',#2346);
#645=VERTEX_POINT('',#2350);
#646=VERTEX_POINT('',#2352);
#647=VERTEX_POINT('',#2356);
#648=VERTEX_POINT('',#2358);
#649=EDGE_CURVE('',#547,#548,#335,.T.);
#650=EDGE_CURVE('',#549,#548,#336,.T.);
#651=EDGE_CURVE('',#550,#549,#337,.T.);
#652=EDGE_CURVE('',#550,#547,#338,.T.);
#653=EDGE_CURVE('',#548,#551,#339,.T.);
#654=EDGE_CURVE('',#552,#551,#340,.T.);
#655=EDGE_CURVE('',#549,#552,#341,.T.);
#656=EDGE_CURVE('',#551,#553,#52,.T.);
#657=EDGE_CURVE('',#554,#553,#342,.T.);
#658=EDGE_CURVE('',#552,#554,#53,.T.);
#659=EDGE_CURVE('',#553,#555,#343,.T.);
#660=EDGE_CURVE('',#556,#555,#344,.T.);
#661=EDGE_CURVE('',#554,#556,#345,.T.);
#662=EDGE_CURVE('',#555,#557,#54,.T.);
#663=EDGE_CURVE('',#558,#557,#346,.T.);
#664=EDGE_CURVE('',#556,#558,#55,.T.);
#665=EDGE_CURVE('',#557,#559,#347,.T.);
#666=EDGE_CURVE('',#560,#559,#348,.T.);
#667=EDGE_CURVE('',#558,#560,#349,.T.);
#668=EDGE_CURVE('',#559,#547,#350,.T.);
#669=EDGE_CURVE('',#560,#550,#351,.T.);
#670=EDGE_CURVE('',#561,#562,#352,.T.);
#671=EDGE_CURVE('',#563,#562,#353,.T.);
#672=EDGE_CURVE('',#564,#563,#354,.T.);
#673=EDGE_CURVE('',#564,#561,#355,.T.);
#674=EDGE_CURVE('',#562,#565,#56,.T.);
#675=EDGE_CURVE('',#566,#565,#356,.T.);
#676=EDGE_CURVE('',#563,#566,#57,.T.);
#677=EDGE_CURVE('',#565,#567,#357,.T.);
#678=EDGE_CURVE('',#568,#567,#358,.T.);
#679=EDGE_CURVE('',#566,#568,#359,.T.);
#680=EDGE_CURVE('',#567,#569,#58,.T.);
#681=EDGE_CURVE('',#570,#569,#360,.T.);
#682=EDGE_CURVE('',#568,#570,#59,.T.);
#683=EDGE_CURVE('',#569,#571,#361,.T.);
#684=EDGE_CURVE('',#572,#571,#362,.T.);
#685=EDGE_CURVE('',#570,#572,#363,.T.);
#686=EDGE_CURVE('',#571,#573,#364,.T.);
#687=EDGE_CURVE('',#574,#573,#365,.T.);
#688=EDGE_CURVE('',#572,#574,#366,.T.);
#689=EDGE_CURVE('',#573,#561,#367,.T.);
#690=EDGE_CURVE('',#574,#564,#368,.T.);
#691=EDGE_CURVE('',#575,#576,#369,.T.);
#692=EDGE_CURVE('',#576,#577,#370,.T.);
#693=EDGE_CURVE('',#577,#578,#371,.T.);
#694=EDGE_CURVE('',#578,#575,#372,.T.);
#695=EDGE_CURVE('',#579,#580,#373,.T.);
#696=EDGE_CURVE('',#580,#581,#374,.T.);
#697=EDGE_CURVE('',#581,#582,#375,.T.);
#698=EDGE_CURVE('',#582,#579,#376,.T.);
#699=EDGE_CURVE('',#583,#584,#377,.T.);
#700=EDGE_CURVE('',#584,#585,#378,.T.);
#701=EDGE_CURVE('',#585,#586,#379,.T.);
#702=EDGE_CURVE('',#586,#583,#380,.T.);
#703=EDGE_CURVE('',#587,#588,#381,.T.);
#704=EDGE_CURVE('',#588,#589,#382,.T.);
#705=EDGE_CURVE('',#589,#590,#383,.T.);
#706=EDGE_CURVE('',#590,#587,#384,.T.);
#707=EDGE_CURVE('',#591,#592,#385,.T.);
#708=EDGE_CURVE('',#592,#593,#386,.T.);
#709=EDGE_CURVE('',#593,#594,#387,.T.);
#710=EDGE_CURVE('',#594,#591,#388,.T.);
#711=EDGE_CURVE('',#595,#596,#389,.T.);
#712=EDGE_CURVE('',#596,#597,#390,.T.);
#713=EDGE_CURVE('',#597,#598,#391,.T.);
#714=EDGE_CURVE('',#598,#595,#392,.T.);
#715=EDGE_CURVE('',#599,#600,#60,.T.);
#716=EDGE_CURVE('',#599,#601,#393,.T.);
#717=EDGE_CURVE('',#602,#601,#61,.T.);
#718=EDGE_CURVE('',#602,#603,#394,.T.);
#719=EDGE_CURVE('',#604,#603,#62,.T.);
#720=EDGE_CURVE('',#604,#605,#395,.T.);
#721=EDGE_CURVE('',#606,#605,#63,.T.);
#722=EDGE_CURVE('',#606,#607,#396,.T.);
#723=EDGE_CURVE('',#608,#607,#64,.T.);
#724=EDGE_CURVE('',#608,#609,#397,.T.);
#725=EDGE_CURVE('',#610,#609,#65,.T.);
#726=EDGE_CURVE('',#610,#600,#398,.T.);
#727=EDGE_CURVE('',#611,#612,#399,.T.);
#728=EDGE_CURVE('',#612,#613,#400,.T.);
#729=EDGE_CURVE('',#613,#614,#401,.T.);
#730=EDGE_CURVE('',#614,#611,#402,.T.);
#731=EDGE_CURVE('',#615,#616,#403,.T.);
#732=EDGE_CURVE('',#616,#617,#404,.T.);
#733=EDGE_CURVE('',#617,#618,#405,.T.);
#734=EDGE_CURVE('',#618,#615,#406,.T.);
#735=EDGE_CURVE('',#619,#620,#407,.T.);
#736=EDGE_CURVE('',#620,#621,#408,.T.);
#737=EDGE_CURVE('',#621,#622,#409,.T.);
#738=EDGE_CURVE('',#622,#619,#410,.T.);
#739=EDGE_CURVE('',#623,#624,#411,.T.);
#740=EDGE_CURVE('',#624,#625,#412,.T.);
#741=EDGE_CURVE('',#625,#626,#413,.T.);
#742=EDGE_CURVE('',#626,#623,#414,.T.);
#743=EDGE_CURVE('',#627,#628,#415,.T.);
#744=EDGE_CURVE('',#628,#629,#416,.T.);
#745=EDGE_CURVE('',#629,#630,#417,.T.);
#746=EDGE_CURVE('',#630,#627,#418,.T.);
#747=EDGE_CURVE('',#631,#632,#419,.T.);
#748=EDGE_CURVE('',#632,#633,#420,.T.);
#749=EDGE_CURVE('',#633,#634,#421,.T.);
#750=EDGE_CURVE('',#634,#631,#422,.T.);
#751=EDGE_CURVE('',#635,#636,#423,.T.);
#752=EDGE_CURVE('',#636,#637,#424,.T.);
#753=EDGE_CURVE('',#637,#638,#425,.T.);
#754=EDGE_CURVE('',#638,#639,#426,.T.);
#755=EDGE_CURVE('',#639,#640,#427,.T.);
#756=EDGE_CURVE('',#640,#635,#428,.T.);
#757=EDGE_CURVE('',#637,#634,#66,.T.);
#758=EDGE_CURVE('',#631,#636,#67,.T.);
#759=EDGE_CURVE('',#637,#611,#68,.T.);
#760=EDGE_CURVE('',#611,#634,#69,.T.);
#761=EDGE_CURVE('',#631,#630,#70,.T.);
#762=EDGE_CURVE('',#630,#636,#71,.T.);
#763=EDGE_CURVE('',#612,#633,#72,.T.);
#764=EDGE_CURVE('',#638,#614,#73,.T.);
#765=EDGE_CURVE('',#627,#635,#74,.T.);
#766=EDGE_CURVE('',#632,#629,#75,.T.);
#767=EDGE_CURVE('',#609,#632,#76,.T.);
#768=EDGE_CURVE('',#633,#608,#77,.T.);
#769=EDGE_CURVE('',#612,#607,#78,.T.);
#770=EDGE_CURVE('',#638,#615,#79,.T.);
#771=EDGE_CURVE('',#615,#614,#80,.T.);
#772=EDGE_CURVE('',#627,#626,#81,.T.);
#773=EDGE_CURVE('',#626,#635,#82,.T.);
#774=EDGE_CURVE('',#610,#629,#83,.T.);
#775=EDGE_CURVE('',#613,#606,#84,.T.);
#776=EDGE_CURVE('',#616,#613,#85,.T.);
#777=EDGE_CURVE('',#639,#618,#86,.T.);
#778=EDGE_CURVE('',#640,#622,#87,.T.);
#779=EDGE_CURVE('',#619,#639,#88,.T.);
#780=EDGE_CURVE('',#623,#640,#89,.T.);
#781=EDGE_CURVE('',#628,#625,#90,.T.);
#782=EDGE_CURVE('',#600,#628,#91,.T.);
#783=EDGE_CURVE('',#616,#605,#92,.T.);
#784=EDGE_CURVE('',#619,#618,#93,.T.);
#785=EDGE_CURVE('',#623,#622,#94,.T.);
#786=EDGE_CURVE('',#599,#625,#95,.T.);
#787=EDGE_CURVE('',#617,#604,#96,.T.);
#788=EDGE_CURVE('',#620,#617,#97,.T.);
#789=EDGE_CURVE('',#624,#621,#98,.T.);
#790=EDGE_CURVE('',#601,#624,#99,.T.);
#791=EDGE_CURVE('',#620,#603,#100,.T.);
#792=EDGE_CURVE('',#602,#621,#101,.T.);
#793=EDGE_CURVE('',#590,#592,#102,.T.);
#794=EDGE_CURVE('',#593,#589,#103,.T.);
#795=EDGE_CURVE('',#590,#583,#104,.T.);
#796=EDGE_CURVE('',#583,#592,#105,.T.);
#797=EDGE_CURVE('',#593,#578,#106,.T.);
#798=EDGE_CURVE('',#578,#589,#107,.T.);
#799=EDGE_CURVE('',#584,#591,#108,.T.);
#800=EDGE_CURVE('',#587,#586,#109,.T.);
#801=EDGE_CURVE('',#588,#598,#110,.T.);
#802=EDGE_CURVE('',#595,#587,#111,.T.);
#803=EDGE_CURVE('',#575,#588,#112,.T.);
#804=EDGE_CURVE('',#594,#577,#113,.T.);
#805=EDGE_CURVE('',#591,#581,#114,.T.);
#806=EDGE_CURVE('',#582,#594,#115,.T.);
#807=EDGE_CURVE('',#584,#581,#116,.T.);
#808=EDGE_CURVE('',#595,#586,#117,.T.);
#809=EDGE_CURVE('',#575,#598,#118,.T.);
#810=EDGE_CURVE('',#582,#577,#119,.T.);
#811=EDGE_CURVE('',#585,#580,#120,.T.);
#812=EDGE_CURVE('',#596,#585,#121,.T.);
#813=EDGE_CURVE('',#576,#597,#122,.T.);
#814=EDGE_CURVE('',#579,#576,#123,.T.);
#815=EDGE_CURVE('',#596,#580,#124,.T.);
#816=EDGE_CURVE('',#579,#597,#125,.T.);
#817=EDGE_CURVE('',#641,#642,#429,.T.);
#818=EDGE_CURVE('',#643,#642,#430,.T.);
#819=EDGE_CURVE('',#644,#643,#431,.T.);
#820=EDGE_CURVE('',#644,#641,#432,.T.);
#821=EDGE_CURVE('',#642,#645,#433,.T.);
#822=EDGE_CURVE('',#646,#645,#434,.T.);
#823=EDGE_CURVE('',#643,#646,#435,.T.);
#824=EDGE_CURVE('',#645,#647,#436,.T.);
#825=EDGE_CURVE('',#648,#647,#437,.T.);
#826=EDGE_CURVE('',#646,#648,#438,.T.);
#827=EDGE_CURVE('',#647,#641,#439,.T.);
#828=EDGE_CURVE('',#648,#644,#440,.T.);
#829=ORIENTED_EDGE('',*,*,#649,.T.);
#830=ORIENTED_EDGE('',*,*,#650,.F.);
#831=ORIENTED_EDGE('',*,*,#651,.F.);
#832=ORIENTED_EDGE('',*,*,#652,.T.);
#833=ORIENTED_EDGE('',*,*,#653,.T.);
#834=ORIENTED_EDGE('',*,*,#654,.F.);
#835=ORIENTED_EDGE('',*,*,#655,.F.);
#836=ORIENTED_EDGE('',*,*,#650,.T.);
#837=ORIENTED_EDGE('',*,*,#656,.T.);
#838=ORIENTED_EDGE('',*,*,#657,.F.);
#839=ORIENTED_EDGE('',*,*,#658,.F.);
#840=ORIENTED_EDGE('',*,*,#654,.T.);
#841=ORIENTED_EDGE('',*,*,#659,.T.);
#842=ORIENTED_EDGE('',*,*,#660,.F.);
#843=ORIENTED_EDGE('',*,*,#661,.F.);
#844=ORIENTED_EDGE('',*,*,#657,.T.);
#845=ORIENTED_EDGE('',*,*,#662,.T.);
#846=ORIENTED_EDGE('',*,*,#663,.F.);
#847=ORIENTED_EDGE('',*,*,#664,.F.);
#848=ORIENTED_EDGE('',*,*,#660,.T.);
#849=ORIENTED_EDGE('',*,*,#665,.T.);
#850=ORIENTED_EDGE('',*,*,#666,.F.);
#851=ORIENTED_EDGE('',*,*,#667,.F.);
#852=ORIENTED_EDGE('',*,*,#663,.T.);
#853=ORIENTED_EDGE('',*,*,#668,.T.);
#854=ORIENTED_EDGE('',*,*,#652,.F.);
#855=ORIENTED_EDGE('',*,*,#669,.F.);
#856=ORIENTED_EDGE('',*,*,#666,.T.);
#857=ORIENTED_EDGE('',*,*,#651,.T.);
#858=ORIENTED_EDGE('',*,*,#655,.T.);
#859=ORIENTED_EDGE('',*,*,#658,.T.);
#860=ORIENTED_EDGE('',*,*,#661,.T.);
#861=ORIENTED_EDGE('',*,*,#664,.T.);
#862=ORIENTED_EDGE('',*,*,#667,.T.);
#863=ORIENTED_EDGE('',*,*,#669,.T.);
#864=ORIENTED_EDGE('',*,*,#649,.F.);
#865=ORIENTED_EDGE('',*,*,#668,.F.);
#866=ORIENTED_EDGE('',*,*,#665,.F.);
#867=ORIENTED_EDGE('',*,*,#662,.F.);
#868=ORIENTED_EDGE('',*,*,#659,.F.);
#869=ORIENTED_EDGE('',*,*,#656,.F.);
#870=ORIENTED_EDGE('',*,*,#653,.F.);
#871=ORIENTED_EDGE('',*,*,#670,.T.);
#872=ORIENTED_EDGE('',*,*,#671,.F.);
#873=ORIENTED_EDGE('',*,*,#672,.F.);
#874=ORIENTED_EDGE('',*,*,#673,.T.);
#875=ORIENTED_EDGE('',*,*,#674,.T.);
#876=ORIENTED_EDGE('',*,*,#675,.F.);
#877=ORIENTED_EDGE('',*,*,#676,.F.);
#878=ORIENTED_EDGE('',*,*,#671,.T.);
#879=ORIENTED_EDGE('',*,*,#677,.T.);
#880=ORIENTED_EDGE('',*,*,#678,.F.);
#881=ORIENTED_EDGE('',*,*,#679,.F.);
#882=ORIENTED_EDGE('',*,*,#675,.T.);
#883=ORIENTED_EDGE('',*,*,#680,.T.);
#884=ORIENTED_EDGE('',*,*,#681,.F.);
#885=ORIENTED_EDGE('',*,*,#682,.F.);
#886=ORIENTED_EDGE('',*,*,#678,.T.);
#887=ORIENTED_EDGE('',*,*,#683,.T.);
#888=ORIENTED_EDGE('',*,*,#684,.F.);
#889=ORIENTED_EDGE('',*,*,#685,.F.);
#890=ORIENTED_EDGE('',*,*,#681,.T.);
#891=ORIENTED_EDGE('',*,*,#686,.T.);
#892=ORIENTED_EDGE('',*,*,#687,.F.);
#893=ORIENTED_EDGE('',*,*,#688,.F.);
#894=ORIENTED_EDGE('',*,*,#684,.T.);
#895=ORIENTED_EDGE('',*,*,#689,.T.);
#896=ORIENTED_EDGE('',*,*,#673,.F.);
#897=ORIENTED_EDGE('',*,*,#690,.F.);
#898=ORIENTED_EDGE('',*,*,#687,.T.);
#899=ORIENTED_EDGE('',*,*,#672,.T.);
#900=ORIENTED_EDGE('',*,*,#676,.T.);
#901=ORIENTED_EDGE('',*,*,#679,.T.);
#902=ORIENTED_EDGE('',*,*,#682,.T.);
#903=ORIENTED_EDGE('',*,*,#685,.T.);
#904=ORIENTED_EDGE('',*,*,#688,.T.);
#905=ORIENTED_EDGE('',*,*,#690,.T.);
#906=ORIENTED_EDGE('',*,*,#670,.F.);
#907=ORIENTED_EDGE('',*,*,#689,.F.);
#908=ORIENTED_EDGE('',*,*,#686,.F.);
#909=ORIENTED_EDGE('',*,*,#683,.F.);
#910=ORIENTED_EDGE('',*,*,#680,.F.);
#911=ORIENTED_EDGE('',*,*,#677,.F.);
#912=ORIENTED_EDGE('',*,*,#674,.F.);
#913=ORIENTED_EDGE('',*,*,#691,.T.);
#914=ORIENTED_EDGE('',*,*,#692,.T.);
#915=ORIENTED_EDGE('',*,*,#693,.T.);
#916=ORIENTED_EDGE('',*,*,#694,.T.);
#917=ORIENTED_EDGE('',*,*,#695,.T.);
#918=ORIENTED_EDGE('',*,*,#696,.T.);
#919=ORIENTED_EDGE('',*,*,#697,.T.);
#920=ORIENTED_EDGE('',*,*,#698,.T.);
#921=ORIENTED_EDGE('',*,*,#699,.T.);
#922=ORIENTED_EDGE('',*,*,#700,.T.);
#923=ORIENTED_EDGE('',*,*,#701,.T.);
#924=ORIENTED_EDGE('',*,*,#702,.T.);
#925=ORIENTED_EDGE('',*,*,#703,.T.);
#926=ORIENTED_EDGE('',*,*,#704,.T.);
#927=ORIENTED_EDGE('',*,*,#705,.T.);
#928=ORIENTED_EDGE('',*,*,#706,.T.);
#929=ORIENTED_EDGE('',*,*,#707,.T.);
#930=ORIENTED_EDGE('',*,*,#708,.T.);
#931=ORIENTED_EDGE('',*,*,#709,.T.);
#932=ORIENTED_EDGE('',*,*,#710,.T.);
#933=ORIENTED_EDGE('',*,*,#711,.T.);
#934=ORIENTED_EDGE('',*,*,#712,.T.);
#935=ORIENTED_EDGE('',*,*,#713,.T.);
#936=ORIENTED_EDGE('',*,*,#714,.T.);
#937=ORIENTED_EDGE('',*,*,#715,.F.);
#938=ORIENTED_EDGE('',*,*,#716,.T.);
#939=ORIENTED_EDGE('',*,*,#717,.F.);
#940=ORIENTED_EDGE('',*,*,#718,.T.);
#941=ORIENTED_EDGE('',*,*,#719,.F.);
#942=ORIENTED_EDGE('',*,*,#720,.T.);
#943=ORIENTED_EDGE('',*,*,#721,.F.);
#944=ORIENTED_EDGE('',*,*,#722,.T.);
#945=ORIENTED_EDGE('',*,*,#723,.F.);
#946=ORIENTED_EDGE('',*,*,#724,.T.);
#947=ORIENTED_EDGE('',*,*,#725,.F.);
#948=ORIENTED_EDGE('',*,*,#726,.T.);
#949=ORIENTED_EDGE('',*,*,#727,.T.);
#950=ORIENTED_EDGE('',*,*,#728,.T.);
#951=ORIENTED_EDGE('',*,*,#729,.T.);
#952=ORIENTED_EDGE('',*,*,#730,.T.);
#953=ORIENTED_EDGE('',*,*,#731,.T.);
#954=ORIENTED_EDGE('',*,*,#732,.T.);
#955=ORIENTED_EDGE('',*,*,#733,.T.);
#956=ORIENTED_EDGE('',*,*,#734,.T.);
#957=ORIENTED_EDGE('',*,*,#735,.T.);
#958=ORIENTED_EDGE('',*,*,#736,.T.);
#959=ORIENTED_EDGE('',*,*,#737,.T.);
#960=ORIENTED_EDGE('',*,*,#738,.T.);
#961=ORIENTED_EDGE('',*,*,#739,.T.);
#962=ORIENTED_EDGE('',*,*,#740,.T.);
#963=ORIENTED_EDGE('',*,*,#741,.T.);
#964=ORIENTED_EDGE('',*,*,#742,.T.);
#965=ORIENTED_EDGE('',*,*,#743,.T.);
#966=ORIENTED_EDGE('',*,*,#744,.T.);
#967=ORIENTED_EDGE('',*,*,#745,.T.);
#968=ORIENTED_EDGE('',*,*,#746,.T.);
#969=ORIENTED_EDGE('',*,*,#747,.T.);
#970=ORIENTED_EDGE('',*,*,#748,.T.);
#971=ORIENTED_EDGE('',*,*,#749,.T.);
#972=ORIENTED_EDGE('',*,*,#750,.T.);
#973=ORIENTED_EDGE('',*,*,#751,.T.);
#974=ORIENTED_EDGE('',*,*,#752,.T.);
#975=ORIENTED_EDGE('',*,*,#753,.T.);
#976=ORIENTED_EDGE('',*,*,#754,.T.);
#977=ORIENTED_EDGE('',*,*,#755,.T.);
#978=ORIENTED_EDGE('',*,*,#756,.T.);
#979=ORIENTED_EDGE('',*,*,#757,.F.);
#980=ORIENTED_EDGE('',*,*,#752,.F.);
#981=ORIENTED_EDGE('',*,*,#758,.F.);
#982=ORIENTED_EDGE('',*,*,#750,.F.);
#983=ORIENTED_EDGE('',*,*,#759,.F.);
#984=ORIENTED_EDGE('',*,*,#757,.T.);
#985=ORIENTED_EDGE('',*,*,#760,.F.);
#986=ORIENTED_EDGE('',*,*,#761,.F.);
#987=ORIENTED_EDGE('',*,*,#758,.T.);
#988=ORIENTED_EDGE('',*,*,#762,.F.);
#989=ORIENTED_EDGE('',*,*,#760,.T.);
#990=ORIENTED_EDGE('',*,*,#749,.F.);
#991=ORIENTED_EDGE('',*,*,#763,.F.);
#992=ORIENTED_EDGE('',*,*,#727,.F.);
#993=ORIENTED_EDGE('',*,*,#759,.T.);
#994=ORIENTED_EDGE('',*,*,#730,.F.);
#995=ORIENTED_EDGE('',*,*,#764,.F.);
#996=ORIENTED_EDGE('',*,*,#753,.F.);
#997=ORIENTED_EDGE('',*,*,#762,.T.);
#998=ORIENTED_EDGE('',*,*,#751,.F.);
#999=ORIENTED_EDGE('',*,*,#765,.F.);
#1000=ORIENTED_EDGE('',*,*,#746,.F.);
#1001=ORIENTED_EDGE('',*,*,#761,.T.);
#1002=ORIENTED_EDGE('',*,*,#745,.F.);
#1003=ORIENTED_EDGE('',*,*,#766,.F.);
#1004=ORIENTED_EDGE('',*,*,#747,.F.);
#1005=ORIENTED_EDGE('',*,*,#767,.F.);
#1006=ORIENTED_EDGE('',*,*,#724,.F.);
#1007=ORIENTED_EDGE('',*,*,#768,.F.);
#1008=ORIENTED_EDGE('',*,*,#748,.F.);
#1009=ORIENTED_EDGE('',*,*,#768,.T.);
#1010=ORIENTED_EDGE('',*,*,#723,.T.);
#1011=ORIENTED_EDGE('',*,*,#769,.F.);
#1012=ORIENTED_EDGE('',*,*,#763,.T.);
#1013=ORIENTED_EDGE('',*,*,#770,.F.);
#1014=ORIENTED_EDGE('',*,*,#764,.T.);
#1015=ORIENTED_EDGE('',*,*,#771,.F.);
#1016=ORIENTED_EDGE('',*,*,#772,.F.);
#1017=ORIENTED_EDGE('',*,*,#765,.T.);
#1018=ORIENTED_EDGE('',*,*,#773,.F.);
#1019=ORIENTED_EDGE('',*,*,#767,.T.);
#1020=ORIENTED_EDGE('',*,*,#766,.T.);
#1021=ORIENTED_EDGE('',*,*,#774,.F.);
#1022=ORIENTED_EDGE('',*,*,#725,.T.);
#1023=ORIENTED_EDGE('',*,*,#769,.T.);
#1024=ORIENTED_EDGE('',*,*,#722,.F.);
#1025=ORIENTED_EDGE('',*,*,#775,.F.);
#1026=ORIENTED_EDGE('',*,*,#728,.F.);
#1027=ORIENTED_EDGE('',*,*,#771,.T.);
#1028=ORIENTED_EDGE('',*,*,#729,.F.);
#1029=ORIENTED_EDGE('',*,*,#776,.F.);
#1030=ORIENTED_EDGE('',*,*,#731,.F.);
#1031=ORIENTED_EDGE('',*,*,#770,.T.);
#1032=ORIENTED_EDGE('',*,*,#734,.F.);
#1033=ORIENTED_EDGE('',*,*,#777,.F.);
#1034=ORIENTED_EDGE('',*,*,#754,.F.);
#1035=ORIENTED_EDGE('',*,*,#778,.F.);
#1036=ORIENTED_EDGE('',*,*,#755,.F.);
#1037=ORIENTED_EDGE('',*,*,#779,.F.);
#1038=ORIENTED_EDGE('',*,*,#738,.F.);
#1039=ORIENTED_EDGE('',*,*,#773,.T.);
#1040=ORIENTED_EDGE('',*,*,#756,.F.);
#1041=ORIENTED_EDGE('',*,*,#780,.F.);
#1042=ORIENTED_EDGE('',*,*,#742,.F.);
#1043=ORIENTED_EDGE('',*,*,#772,.T.);
#1044=ORIENTED_EDGE('',*,*,#741,.F.);
#1045=ORIENTED_EDGE('',*,*,#781,.F.);
#1046=ORIENTED_EDGE('',*,*,#743,.F.);
#1047=ORIENTED_EDGE('',*,*,#774,.T.);
#1048=ORIENTED_EDGE('',*,*,#744,.F.);
#1049=ORIENTED_EDGE('',*,*,#782,.F.);
#1050=ORIENTED_EDGE('',*,*,#726,.F.);
#1051=ORIENTED_EDGE('',*,*,#775,.T.);
#1052=ORIENTED_EDGE('',*,*,#721,.T.);
#1053=ORIENTED_EDGE('',*,*,#783,.F.);
#1054=ORIENTED_EDGE('',*,*,#776,.T.);
#1055=ORIENTED_EDGE('',*,*,#779,.T.);
#1056=ORIENTED_EDGE('',*,*,#777,.T.);
#1057=ORIENTED_EDGE('',*,*,#784,.F.);
#1058=ORIENTED_EDGE('',*,*,#780,.T.);
#1059=ORIENTED_EDGE('',*,*,#778,.T.);
#1060=ORIENTED_EDGE('',*,*,#785,.F.);
#1061=ORIENTED_EDGE('',*,*,#782,.T.);
#1062=ORIENTED_EDGE('',*,*,#781,.T.);
#1063=ORIENTED_EDGE('',*,*,#786,.F.);
#1064=ORIENTED_EDGE('',*,*,#715,.T.);
#1065=ORIENTED_EDGE('',*,*,#783,.T.);
#1066=ORIENTED_EDGE('',*,*,#720,.F.);
#1067=ORIENTED_EDGE('',*,*,#787,.F.);
#1068=ORIENTED_EDGE('',*,*,#732,.F.);
#1069=ORIENTED_EDGE('',*,*,#784,.T.);
#1070=ORIENTED_EDGE('',*,*,#733,.F.);
#1071=ORIENTED_EDGE('',*,*,#788,.F.);
#1072=ORIENTED_EDGE('',*,*,#735,.F.);
#1073=ORIENTED_EDGE('',*,*,#785,.T.);
#1074=ORIENTED_EDGE('',*,*,#737,.F.);
#1075=ORIENTED_EDGE('',*,*,#789,.F.);
#1076=ORIENTED_EDGE('',*,*,#739,.F.);
#1077=ORIENTED_EDGE('',*,*,#786,.T.);
#1078=ORIENTED_EDGE('',*,*,#740,.F.);
#1079=ORIENTED_EDGE('',*,*,#790,.F.);
#1080=ORIENTED_EDGE('',*,*,#716,.F.);
#1081=ORIENTED_EDGE('',*,*,#787,.T.);
#1082=ORIENTED_EDGE('',*,*,#719,.T.);
#1083=ORIENTED_EDGE('',*,*,#791,.F.);
#1084=ORIENTED_EDGE('',*,*,#788,.T.);
#1085=ORIENTED_EDGE('',*,*,#790,.T.);
#1086=ORIENTED_EDGE('',*,*,#789,.T.);
#1087=ORIENTED_EDGE('',*,*,#792,.F.);
#1088=ORIENTED_EDGE('',*,*,#717,.T.);
#1089=ORIENTED_EDGE('',*,*,#791,.T.);
#1090=ORIENTED_EDGE('',*,*,#718,.F.);
#1091=ORIENTED_EDGE('',*,*,#792,.T.);
#1092=ORIENTED_EDGE('',*,*,#736,.F.);
#1093=ORIENTED_EDGE('',*,*,#793,.F.);
#1094=ORIENTED_EDGE('',*,*,#705,.F.);
#1095=ORIENTED_EDGE('',*,*,#794,.F.);
#1096=ORIENTED_EDGE('',*,*,#708,.F.);
#1097=ORIENTED_EDGE('',*,*,#795,.F.);
#1098=ORIENTED_EDGE('',*,*,#793,.T.);
#1099=ORIENTED_EDGE('',*,*,#796,.F.);
#1100=ORIENTED_EDGE('',*,*,#797,.F.);
#1101=ORIENTED_EDGE('',*,*,#794,.T.);
#1102=ORIENTED_EDGE('',*,*,#798,.F.);
#1103=ORIENTED_EDGE('',*,*,#796,.T.);
#1104=ORIENTED_EDGE('',*,*,#707,.F.);
#1105=ORIENTED_EDGE('',*,*,#799,.F.);
#1106=ORIENTED_EDGE('',*,*,#699,.F.);
#1107=ORIENTED_EDGE('',*,*,#795,.T.);
#1108=ORIENTED_EDGE('',*,*,#702,.F.);
#1109=ORIENTED_EDGE('',*,*,#800,.F.);
#1110=ORIENTED_EDGE('',*,*,#706,.F.);
#1111=ORIENTED_EDGE('',*,*,#801,.F.);
#1112=ORIENTED_EDGE('',*,*,#703,.F.);
#1113=ORIENTED_EDGE('',*,*,#802,.F.);
#1114=ORIENTED_EDGE('',*,*,#714,.F.);
#1115=ORIENTED_EDGE('',*,*,#798,.T.);
#1116=ORIENTED_EDGE('',*,*,#704,.F.);
#1117=ORIENTED_EDGE('',*,*,#803,.F.);
#1118=ORIENTED_EDGE('',*,*,#694,.F.);
#1119=ORIENTED_EDGE('',*,*,#797,.T.);
#1120=ORIENTED_EDGE('',*,*,#693,.F.);
#1121=ORIENTED_EDGE('',*,*,#804,.F.);
#1122=ORIENTED_EDGE('',*,*,#709,.F.);
#1123=ORIENTED_EDGE('',*,*,#805,.F.);
#1124=ORIENTED_EDGE('',*,*,#710,.F.);
#1125=ORIENTED_EDGE('',*,*,#806,.F.);
#1126=ORIENTED_EDGE('',*,*,#697,.F.);
#1127=ORIENTED_EDGE('',*,*,#799,.T.);
#1128=ORIENTED_EDGE('',*,*,#805,.T.);
#1129=ORIENTED_EDGE('',*,*,#807,.F.);
#1130=ORIENTED_EDGE('',*,*,#802,.T.);
#1131=ORIENTED_EDGE('',*,*,#800,.T.);
#1132=ORIENTED_EDGE('',*,*,#808,.F.);
#1133=ORIENTED_EDGE('',*,*,#803,.T.);
#1134=ORIENTED_EDGE('',*,*,#801,.T.);
#1135=ORIENTED_EDGE('',*,*,#809,.F.);
#1136=ORIENTED_EDGE('',*,*,#806,.T.);
#1137=ORIENTED_EDGE('',*,*,#804,.T.);
#1138=ORIENTED_EDGE('',*,*,#810,.F.);
#1139=ORIENTED_EDGE('',*,*,#807,.T.);
#1140=ORIENTED_EDGE('',*,*,#696,.F.);
#1141=ORIENTED_EDGE('',*,*,#811,.F.);
#1142=ORIENTED_EDGE('',*,*,#700,.F.);
#1143=ORIENTED_EDGE('',*,*,#808,.T.);
#1144=ORIENTED_EDGE('',*,*,#701,.F.);
#1145=ORIENTED_EDGE('',*,*,#812,.F.);
#1146=ORIENTED_EDGE('',*,*,#711,.F.);
#1147=ORIENTED_EDGE('',*,*,#809,.T.);
#1148=ORIENTED_EDGE('',*,*,#713,.F.);
#1149=ORIENTED_EDGE('',*,*,#813,.F.);
#1150=ORIENTED_EDGE('',*,*,#691,.F.);
#1151=ORIENTED_EDGE('',*,*,#810,.T.);
#1152=ORIENTED_EDGE('',*,*,#692,.F.);
#1153=ORIENTED_EDGE('',*,*,#814,.F.);
#1154=ORIENTED_EDGE('',*,*,#698,.F.);
#1155=ORIENTED_EDGE('',*,*,#812,.T.);
#1156=ORIENTED_EDGE('',*,*,#811,.T.);
#1157=ORIENTED_EDGE('',*,*,#815,.F.);
#1158=ORIENTED_EDGE('',*,*,#814,.T.);
#1159=ORIENTED_EDGE('',*,*,#813,.T.);
#1160=ORIENTED_EDGE('',*,*,#816,.F.);
#1161=ORIENTED_EDGE('',*,*,#815,.T.);
#1162=ORIENTED_EDGE('',*,*,#695,.F.);
#1163=ORIENTED_EDGE('',*,*,#816,.T.);
#1164=ORIENTED_EDGE('',*,*,#712,.F.);
#1165=ORIENTED_EDGE('',*,*,#817,.T.);
#1166=ORIENTED_EDGE('',*,*,#818,.F.);
#1167=ORIENTED_EDGE('',*,*,#819,.F.);
#1168=ORIENTED_EDGE('',*,*,#820,.T.);
#1169=ORIENTED_EDGE('',*,*,#821,.T.);
#1170=ORIENTED_EDGE('',*,*,#822,.F.);
#1171=ORIENTED_EDGE('',*,*,#823,.F.);
#1172=ORIENTED_EDGE('',*,*,#818,.T.);
#1173=ORIENTED_EDGE('',*,*,#824,.T.);
#1174=ORIENTED_EDGE('',*,*,#825,.F.);
#1175=ORIENTED_EDGE('',*,*,#826,.F.);
#1176=ORIENTED_EDGE('',*,*,#822,.T.);
#1177=ORIENTED_EDGE('',*,*,#827,.T.);
#1178=ORIENTED_EDGE('',*,*,#820,.F.);
#1179=ORIENTED_EDGE('',*,*,#828,.F.);
#1180=ORIENTED_EDGE('',*,*,#825,.T.);
#1181=ORIENTED_EDGE('',*,*,#819,.T.);
#1182=ORIENTED_EDGE('',*,*,#823,.T.);
#1183=ORIENTED_EDGE('',*,*,#826,.T.);
#1184=ORIENTED_EDGE('',*,*,#828,.T.);
#1185=ORIENTED_EDGE('',*,*,#827,.F.);
#1186=ORIENTED_EDGE('',*,*,#824,.F.);
#1187=ORIENTED_EDGE('',*,*,#821,.F.);
#1188=ORIENTED_EDGE('',*,*,#817,.F.);
#1189=PLANE('',#1392);
#1190=PLANE('',#1393);
#1191=PLANE('',#1397);
#1192=PLANE('',#1401);
#1193=PLANE('',#1402);
#1194=PLANE('',#1403);
#1195=PLANE('',#1404);
#1196=PLANE('',#1405);
#1197=PLANE('',#1409);
#1198=PLANE('',#1413);
#1199=PLANE('',#1414);
#1200=PLANE('',#1415);
#1201=PLANE('',#1416);
#1202=PLANE('',#1417);
#1203=PLANE('',#1418);
#1204=PLANE('',#1419);
#1205=PLANE('',#1420);
#1206=PLANE('',#1421);
#1207=PLANE('',#1422);
#1208=PLANE('',#1423);
#1209=PLANE('',#1430);
#1210=PLANE('',#1431);
#1211=PLANE('',#1432);
#1212=PLANE('',#1433);
#1213=PLANE('',#1434);
#1214=PLANE('',#1435);
#1215=PLANE('',#1436);
#1216=PLANE('',#1548);
#1217=PLANE('',#1549);
#1218=PLANE('',#1550);
#1219=PLANE('',#1551);
#1220=PLANE('',#1552);
#1221=PLANE('',#1553);
#1222=ADVANCED_FACE('',(#160),#1189,.F.);
#1223=ADVANCED_FACE('',(#161),#1190,.F.);
#1224=ADVANCED_FACE('',(#162),#126,.T.);
#1225=ADVANCED_FACE('',(#163),#1191,.F.);
#1226=ADVANCED_FACE('',(#164),#127,.T.);
#1227=ADVANCED_FACE('',(#165),#1192,.F.);
#1228=ADVANCED_FACE('',(#166),#1193,.F.);
#1229=ADVANCED_FACE('',(#167),#1194,.T.);
#1230=ADVANCED_FACE('',(#168),#1195,.F.);
#1231=ADVANCED_FACE('',(#169),#1196,.F.);
#1232=ADVANCED_FACE('',(#170),#128,.T.);
#1233=ADVANCED_FACE('',(#171),#1197,.F.);
#1234=ADVANCED_FACE('',(#172),#129,.T.);
#1235=ADVANCED_FACE('',(#173),#1198,.F.);
#1236=ADVANCED_FACE('',(#174),#1199,.F.);
#1237=ADVANCED_FACE('',(#175),#1200,.F.);
#1238=ADVANCED_FACE('',(#176),#1201,.T.);
#1239=ADVANCED_FACE('',(#177),#1202,.F.);
#1240=ADVANCED_FACE('',(#178),#1203,.F.);
#1241=ADVANCED_FACE('',(#179),#1204,.F.);
#1242=ADVANCED_FACE('',(#180),#1205,.F.);
#1243=ADVANCED_FACE('',(#181),#1206,.F.);
#1244=ADVANCED_FACE('',(#182),#1207,.F.);
#1245=ADVANCED_FACE('',(#183,#43),#1208,.F.);
#1246=ADVANCED_FACE('',(#184),#1209,.T.);
#1247=ADVANCED_FACE('',(#185),#1210,.F.);
#1248=ADVANCED_FACE('',(#186),#1211,.F.);
#1249=ADVANCED_FACE('',(#187),#1212,.F.);
#1250=ADVANCED_FACE('',(#188),#1213,.T.);
#1251=ADVANCED_FACE('',(#189),#1214,.T.);
#1252=ADVANCED_FACE('',(#190),#1215,.T.);
#1253=ADVANCED_FACE('',(#191),#130,.T.);
#1254=ADVANCED_FACE('',(#192),#29,.T.);
#1255=ADVANCED_FACE('',(#193),#30,.T.);
#1256=ADVANCED_FACE('',(#194),#131,.T.);
#1257=ADVANCED_FACE('',(#195),#132,.T.);
#1258=ADVANCED_FACE('',(#196),#133,.T.);
#1259=ADVANCED_FACE('',(#197),#134,.T.);
#1260=ADVANCED_FACE('',(#198),#135,.F.);
#1261=ADVANCED_FACE('',(#199),#23,.F.);
#1262=ADVANCED_FACE('',(#200),#31,.T.);
#1263=ADVANCED_FACE('',(#201),#32,.T.);
#1264=ADVANCED_FACE('',(#202),#24,.F.);
#1265=ADVANCED_FACE('',(#203),#136,.F.);
#1266=ADVANCED_FACE('',(#204),#137,.T.);
#1267=ADVANCED_FACE('',(#205),#138,.T.);
#1268=ADVANCED_FACE('',(#206),#139,.T.);
#1269=ADVANCED_FACE('',(#207),#140,.T.);
#1270=ADVANCED_FACE('',(#208),#141,.T.);
#1271=ADVANCED_FACE('',(#209),#142,.F.);
#1272=ADVANCED_FACE('',(#210),#25,.F.);
#1273=ADVANCED_FACE('',(#211),#33,.T.);
#1274=ADVANCED_FACE('',(#212),#34,.T.);
#1275=ADVANCED_FACE('',(#213),#26,.F.);
#1276=ADVANCED_FACE('',(#214),#143,.F.);
#1277=ADVANCED_FACE('',(#215),#144,.T.);
#1278=ADVANCED_FACE('',(#216),#145,.T.);
#1279=ADVANCED_FACE('',(#217),#146,.F.);
#1280=ADVANCED_FACE('',(#218),#27,.F.);
#1281=ADVANCED_FACE('',(#219),#28,.F.);
#1282=ADVANCED_FACE('',(#220),#147,.F.);
#1283=ADVANCED_FACE('',(#221),#148,.T.);
#1284=ADVANCED_FACE('',(#222),#35,.T.);
#1285=ADVANCED_FACE('',(#223),#36,.T.);
#1286=ADVANCED_FACE('',(#224),#149,.T.);
#1287=ADVANCED_FACE('',(#225),#150,.T.);
#1288=ADVANCED_FACE('',(#226),#151,.T.);
#1289=ADVANCED_FACE('',(#227),#152,.T.);
#1290=ADVANCED_FACE('',(#228),#153,.T.);
#1291=ADVANCED_FACE('',(#229),#154,.T.);
#1292=ADVANCED_FACE('',(#230),#37,.T.);
#1293=ADVANCED_FACE('',(#231),#38,.T.);
#1294=ADVANCED_FACE('',(#232),#39,.T.);
#1295=ADVANCED_FACE('',(#233),#40,.T.);
#1296=ADVANCED_FACE('',(#234),#155,.T.);
#1297=ADVANCED_FACE('',(#235),#156,.T.);
#1298=ADVANCED_FACE('',(#236),#157,.T.);
#1299=ADVANCED_FACE('',(#237),#158,.T.);
#1300=ADVANCED_FACE('',(#238),#41,.T.);
#1301=ADVANCED_FACE('',(#239),#42,.T.);
#1302=ADVANCED_FACE('',(#240),#159,.T.);
#1303=ADVANCED_FACE('',(#241),#1216,.F.);
#1304=ADVANCED_FACE('',(#242),#1217,.F.);
#1305=ADVANCED_FACE('',(#243),#1218,.F.);
#1306=ADVANCED_FACE('',(#244),#1219,.F.);
#1307=ADVANCED_FACE('',(#245),#1220,.T.);
#1308=ADVANCED_FACE('',(#246),#1221,.F.);
#1309=CLOSED_SHELL('',(#1222,#1223,#1224,#1225,#1226,#1227,#1228,#1229,
#1230));
#1310=CLOSED_SHELL('',(#1231,#1232,#1233,#1234,#1235,#1236,#1237,#1238,
#1239));
#1311=CLOSED_SHELL('',(#1240,#1241,#1242,#1243,#1244,#1245,#1246,#1247,
#1248,#1249,#1250,#1251,#1252,#1253,#1254,#1255,#1256,#1257,#1258,#1259,
#1260,#1261,#1262,#1263,#1264,#1265,#1266,#1267,#1268,#1269,#1270,#1271,
#1272,#1273,#1274,#1275,#1276,#1277,#1278,#1279,#1280,#1281,#1282,#1283,
#1284,#1285,#1286,#1287,#1288,#1289,#1290,#1291,#1292,#1293,#1294,#1295,
#1296,#1297,#1298,#1299,#1300,#1301,#1302));
#1312=CLOSED_SHELL('',(#1303,#1304,#1305,#1306,#1307,#1308));
#1313=DERIVED_UNIT_ELEMENT(#1317,1.);
#1314=DERIVED_UNIT_ELEMENT(#2377,3.);
#1315=DERIVED_UNIT_ELEMENT(#1317,1.);
#1316=DERIVED_UNIT_ELEMENT(#2377,3.);
#1317=(
MASS_UNIT()
NAMED_UNIT(*)
SI_UNIT($,.GRAM.)
);
#1318=DERIVED_UNIT((#1313,#1314));
#1319=DERIVED_UNIT((#1315,#1316));
#1320=MEASURE_REPRESENTATION_ITEM('density measure',
POSITIVE_RATIO_MEASURE(1.),#1318);
#1321=MEASURE_REPRESENTATION_ITEM('density measure',
POSITIVE_RATIO_MEASURE(1.),#1319);
#1322=PROPERTY_DEFINITION_REPRESENTATION(#1332,#1326);
#1323=PROPERTY_DEFINITION_REPRESENTATION(#1333,#1327);
#1324=PROPERTY_DEFINITION_REPRESENTATION(#1334,#1328);
#1325=PROPERTY_DEFINITION_REPRESENTATION(#1335,#1329);
#1326=REPRESENTATION('material name',(#1330),#2373);
#1327=REPRESENTATION('density',(#1320),#2373);
#1328=REPRESENTATION('material name',(#1331),#2374);
#1329=REPRESENTATION('density',(#1321),#2374);
#1330=DESCRIPTIVE_REPRESENTATION_ITEM('Generic','Generic');
#1331=DESCRIPTIVE_REPRESENTATION_ITEM('Generic','Generic');
#1332=PROPERTY_DEFINITION('material property','material name',#2393);
#1333=PROPERTY_DEFINITION('material property','density of part',#2393);
#1334=PROPERTY_DEFINITION('material property','material name',#2394);
#1335=PROPERTY_DEFINITION('material property','density of part',#2394);
#1336=PRESENTATION_STYLE_ASSIGNMENT((#1340));
#1337=PRESENTATION_STYLE_ASSIGNMENT((#1341));
#1338=PRESENTATION_STYLE_ASSIGNMENT((#1342));
#1339=PRESENTATION_STYLE_ASSIGNMENT((#1343));
#1340=SURFACE_STYLE_USAGE(.BOTH.,#1352);
#1341=SURFACE_STYLE_USAGE(.BOTH.,#1353);
#1342=SURFACE_STYLE_USAGE(.BOTH.,#1354);
#1343=SURFACE_STYLE_USAGE(.BOTH.,#1355);
#1344=SURFACE_STYLE_RENDERING_WITH_PROPERTIES($,#1368,(#1348));
#1345=SURFACE_STYLE_RENDERING_WITH_PROPERTIES($,#1369,(#1349));
#1346=SURFACE_STYLE_RENDERING_WITH_PROPERTIES($,#1370,(#1350));
#1347=SURFACE_STYLE_RENDERING_WITH_PROPERTIES($,#1371,(#1351));
#1348=SURFACE_STYLE_TRANSPARENT(0.);
#1349=SURFACE_STYLE_TRANSPARENT(0.);
#1350=SURFACE_STYLE_TRANSPARENT(0.);
#1351=SURFACE_STYLE_TRANSPARENT(0.);
#1352=SURFACE_SIDE_STYLE('',(#1356,#1344));
#1353=SURFACE_SIDE_STYLE('',(#1357,#1345));
#1354=SURFACE_SIDE_STYLE('',(#1358,#1346));
#1355=SURFACE_SIDE_STYLE('',(#1359,#1347));
#1356=SURFACE_STYLE_FILL_AREA(#1360);
#1357=SURFACE_STYLE_FILL_AREA(#1361);
#1358=SURFACE_STYLE_FILL_AREA(#1362);
#1359=SURFACE_STYLE_FILL_AREA(#1363);
#1360=FILL_AREA_STYLE('',(#1364));
#1361=FILL_AREA_STYLE('',(#1365));
#1362=FILL_AREA_STYLE('',(#1366));
#1363=FILL_AREA_STYLE('',(#1367));
#1364=FILL_AREA_STYLE_COLOUR('',#1368);
#1365=FILL_AREA_STYLE_COLOUR('',#1369);
#1366=FILL_AREA_STYLE_COLOUR('',#1370);
#1367=FILL_AREA_STYLE_COLOUR('',#1371);
#1368=COLOUR_RGB('',0.749019607843137,0.749019607843137,0.749019607843137);
#1369=COLOUR_RGB('',0.803921568627451,0.803921568627451,0.803921568627451);
#1370=COLOUR_RGB('',0.286274509803922,0.286274509803922,0.286274509803922);
#1371=COLOUR_RGB('',0.96078431372549,0.96078431372549,0.96078431372549);
#1372=DATE_TIME_ROLE('creation_date');
#1373=DATE_TIME_ROLE('creation_date');
#1374=DATE_TIME_ROLE('creation_date');
#1375=APPLIED_DATE_AND_TIME_ASSIGNMENT(#1378,#1372,(#2392));
#1376=APPLIED_DATE_AND_TIME_ASSIGNMENT(#1379,#1373,(#2393));
#1377=APPLIED_DATE_AND_TIME_ASSIGNMENT(#1380,#1374,(#2394));
#1378=DATE_AND_TIME(#1381,#1384);
#1379=DATE_AND_TIME(#1382,#1385);
#1380=DATE_AND_TIME(#1383,#1386);
#1381=CALENDAR_DATE(2022,18,7);
#1382=CALENDAR_DATE(2022,15,11);
#1383=CALENDAR_DATE(2022,15,11);
#1384=LOCAL_TIME(20,7,28.,#1387);
#1385=LOCAL_TIME(1,16,0.,#1388);
#1386=LOCAL_TIME(1,16,0.,#1389);
#1387=COORDINATED_UNIVERSAL_TIME_OFFSET(0,0,.BEHIND.);
#1388=COORDINATED_UNIVERSAL_TIME_OFFSET(0,0,.BEHIND.);
#1389=COORDINATED_UNIVERSAL_TIME_OFFSET(0,0,.BEHIND.);
#1390=AXIS2_PLACEMENT_3D('placement',#1994,#1556,#1557);
#1391=AXIS2_PLACEMENT_3D('placement',#1995,#1558,#1559);
#1392=AXIS2_PLACEMENT_3D('',#1996,#1560,#1561);
#1393=AXIS2_PLACEMENT_3D('',#2005,#1566,#1567);
#1394=AXIS2_PLACEMENT_3D('',#2011,#1571,#1572);
#1395=AXIS2_PLACEMENT_3D('',#2013,#1573,#1574);
#1396=AXIS2_PLACEMENT_3D('',#2016,#1576,#1577);
#1397=AXIS2_PLACEMENT_3D('',#2017,#1578,#1579);
#1398=AXIS2_PLACEMENT_3D('',#2023,#1583,#1584);
#1399=AXIS2_PLACEMENT_3D('',#2025,#1585,#1586);
#1400=AXIS2_PLACEMENT_3D('',#2028,#1588,#1589);
#1401=AXIS2_PLACEMENT_3D('',#2029,#1590,#1591);
#1402=AXIS2_PLACEMENT_3D('',#2035,#1595,#1596);
#1403=AXIS2_PLACEMENT_3D('',#2038,#1599,#1600);
#1404=AXIS2_PLACEMENT_3D('',#2039,#1601,#1602);
#1405=AXIS2_PLACEMENT_3D('',#2040,#1603,#1604);
#1406=AXIS2_PLACEMENT_3D('',#2049,#1609,#1610);
#1407=AXIS2_PLACEMENT_3D('',#2051,#1611,#1612);
#1408=AXIS2_PLACEMENT_3D('',#2054,#1614,#1615);
#1409=AXIS2_PLACEMENT_3D('',#2055,#1616,#1617);
#1410=AXIS2_PLACEMENT_3D('',#2061,#1621,#1622);
#1411=AXIS2_PLACEMENT_3D('',#2063,#1623,#1624);
#1412=AXIS2_PLACEMENT_3D('',#2066,#1626,#1627);
#1413=AXIS2_PLACEMENT_3D('',#2067,#1628,#1629);
#1414=AXIS2_PLACEMENT_3D('',#2073,#1633,#1634);
#1415=AXIS2_PLACEMENT_3D('',#2079,#1638,#1639);
#1416=AXIS2_PLACEMENT_3D('',#2082,#1642,#1643);
#1417=AXIS2_PLACEMENT_3D('',#2083,#1644,#1645);
#1418=AXIS2_PLACEMENT_3D('',#2084,#1646,#1647);
#1419=AXIS2_PLACEMENT_3D('',#2093,#1652,#1653);
#1420=AXIS2_PLACEMENT_3D('',#2102,#1658,#1659);
#1421=AXIS2_PLACEMENT_3D('',#2111,#1664,#1665);
#1422=AXIS2_PLACEMENT_3D('',#2120,#1670,#1671);
#1423=AXIS2_PLACEMENT_3D('',#2129,#1676,#1677);
#1424=AXIS2_PLACEMENT_3D('',#2140,#1682,#1683);
#1425=AXIS2_PLACEMENT_3D('',#2144,#1685,#1686);
#1426=AXIS2_PLACEMENT_3D('',#2148,#1688,#1689);
#1427=AXIS2_PLACEMENT_3D('',#2152,#1691,#1692);
#1428=AXIS2_PLACEMENT_3D('',#2156,#1694,#1695);
#1429=AXIS2_PLACEMENT_3D('',#2160,#1697,#1698);
#1430=AXIS2_PLACEMENT_3D('',#2162,#1700,#1701);
#1431=AXIS2_PLACEMENT_3D('',#2171,#1706,#1707);
#1432=AXIS2_PLACEMENT_3D('',#2180,#1712,#1713);
#1433=AXIS2_PLACEMENT_3D('',#2189,#1718,#1719);
#1434=AXIS2_PLACEMENT_3D('',#2198,#1724,#1725);
#1435=AXIS2_PLACEMENT_3D('',#2207,#1730,#1731);
#1436=AXIS2_PLACEMENT_3D('',#2216,#1736,#1737);
#1437=AXIS2_PLACEMENT_3D('',#2229,#1744,#1745);
#1438=AXIS2_PLACEMENT_3D('',#2230,#1746,#1747);
#1439=AXIS2_PLACEMENT_3D('',#2231,#1748,#1749);
#1440=AXIS2_PLACEMENT_3D('',#2232,#1750,#1751);
#1441=AXIS2_PLACEMENT_3D('',#2233,#1752,#1753);
#1442=AXIS2_PLACEMENT_3D('',#2234,#1754,#1755);
#1443=AXIS2_PLACEMENT_3D('',#2235,#1756,#1757);
#1444=AXIS2_PLACEMENT_3D('',#2236,#1758,#1759);
#1445=AXIS2_PLACEMENT_3D('',#2237,#1760,#1761);
#1446=AXIS2_PLACEMENT_3D('',#2238,#1762,#1763);
#1447=AXIS2_PLACEMENT_3D('',#2239,#1764,#1765);
#1448=AXIS2_PLACEMENT_3D('',#2240,#1766,#1767);
#1449=AXIS2_PLACEMENT_3D('',#2241,#1768,#1769);
#1450=AXIS2_PLACEMENT_3D('',#2242,#1770,#1771);
#1451=AXIS2_PLACEMENT_3D('',#2243,#1772,#1773);
#1452=AXIS2_PLACEMENT_3D('',#2244,#1774,#1775);
#1453=AXIS2_PLACEMENT_3D('',#2245,#1776,#1777);
#1454=AXIS2_PLACEMENT_3D('',#2246,#1778,#1779);
#1455=AXIS2_PLACEMENT_3D('',#2247,#1780,#1781);
#1456=AXIS2_PLACEMENT_3D('',#2248,#1782,#1783);
#1457=AXIS2_PLACEMENT_3D('',#2249,#1784,#1785);
#1458=AXIS2_PLACEMENT_3D('',#2250,#1786,#1787);
#1459=AXIS2_PLACEMENT_3D('',#2251,#1788,#1789);
#1460=AXIS2_PLACEMENT_3D('',#2252,#1790,#1791);
#1461=AXIS2_PLACEMENT_3D('',#2253,#1792,#1793);
#1462=AXIS2_PLACEMENT_3D('',#2254,#1794,#1795);
#1463=AXIS2_PLACEMENT_3D('',#2255,#1796,#1797);
#1464=AXIS2_PLACEMENT_3D('',#2256,#1798,#1799);
#1465=AXIS2_PLACEMENT_3D('',#2257,#1800,#1801);
#1466=AXIS2_PLACEMENT_3D('',#2258,#1802,#1803);
#1467=AXIS2_PLACEMENT_3D('',#2259,#1804,#1805);
#1468=AXIS2_PLACEMENT_3D('',#2260,#1806,#1807);
#1469=AXIS2_PLACEMENT_3D('',#2261,#1808,#1809);
#1470=AXIS2_PLACEMENT_3D('',#2262,#1810,#1811);
#1471=AXIS2_PLACEMENT_3D('',#2263,#1812,#1813);
#1472=AXIS2_PLACEMENT_3D('',#2264,#1814,#1815);
#1473=AXIS2_PLACEMENT_3D('',#2265,#1816,#1817);
#1474=AXIS2_PLACEMENT_3D('',#2266,#1818,#1819);
#1475=AXIS2_PLACEMENT_3D('',#2267,#1820,#1821);
#1476=AXIS2_PLACEMENT_3D('',#2268,#1822,#1823);
#1477=AXIS2_PLACEMENT_3D('',#2269,#1824,#1825);
#1478=AXIS2_PLACEMENT_3D('',#2270,#1826,#1827);
#1479=AXIS2_PLACEMENT_3D('',#2271,#1828,#1829);
#1480=AXIS2_PLACEMENT_3D('',#2272,#1830,#1831);
#1481=AXIS2_PLACEMENT_3D('',#2273,#1832,#1833);
#1482=AXIS2_PLACEMENT_3D('',#2274,#1834,#1835);
#1483=AXIS2_PLACEMENT_3D('',#2275,#1836,#1837);
#1484=AXIS2_PLACEMENT_3D('',#2276,#1838,#1839);
#1485=AXIS2_PLACEMENT_3D('',#2277,#1840,#1841);
#1486=AXIS2_PLACEMENT_3D('',#2278,#1842,#1843);
#1487=AXIS2_PLACEMENT_3D('',#2279,#1844,#1845);
#1488=AXIS2_PLACEMENT_3D('',#2280,#1846,#1847);
#1489=AXIS2_PLACEMENT_3D('',#2281,#1848,#1849);
#1490=AXIS2_PLACEMENT_3D('',#2282,#1850,#1851);
#1491=AXIS2_PLACEMENT_3D('',#2283,#1852,#1853);
#1492=AXIS2_PLACEMENT_3D('',#2284,#1854,#1855);
#1493=AXIS2_PLACEMENT_3D('',#2285,#1856,#1857);
#1494=AXIS2_PLACEMENT_3D('',#2286,#1858,#1859);
#1495=AXIS2_PLACEMENT_3D('',#2287,#1860,#1861);
#1496=AXIS2_PLACEMENT_3D('',#2288,#1862,#1863);
#1497=AXIS2_PLACEMENT_3D('',#2289,#1864,#1865);
#1498=AXIS2_PLACEMENT_3D('',#2290,#1866,#1867);
#1499=AXIS2_PLACEMENT_3D('',#2291,#1868,#1869);
#1500=AXIS2_PLACEMENT_3D('',#2292,#1870,#1871);
#1501=AXIS2_PLACEMENT_3D('',#2293,#1872,#1873);
#1502=AXIS2_PLACEMENT_3D('',#2294,#1874,#1875);
#1503=AXIS2_PLACEMENT_3D('',#2295,#1876,#1877);
#1504=AXIS2_PLACEMENT_3D('',#2296,#1878,#1879);
#1505=AXIS2_PLACEMENT_3D('',#2297,#1880,#1881);
#1506=AXIS2_PLACEMENT_3D('',#2298,#1882,#1883);
#1507=AXIS2_PLACEMENT_3D('',#2299,#1884,#1885);
#1508=AXIS2_PLACEMENT_3D('',#2300,#1886,#1887);
#1509=AXIS2_PLACEMENT_3D('',#2301,#1888,#1889);
#1510=AXIS2_PLACEMENT_3D('',#2302,#1890,#1891);
#1511=AXIS2_PLACEMENT_3D('',#2303,#1892,#1893);
#1512=AXIS2_PLACEMENT_3D('',#2304,#1894,#1895);
#1513=AXIS2_PLACEMENT_3D('',#2305,#1896,#1897);
#1514=AXIS2_PLACEMENT_3D('',#2306,#1898,#1899);
#1515=AXIS2_PLACEMENT_3D('',#2307,#1900,#1901);
#1516=AXIS2_PLACEMENT_3D('',#2308,#1902,#1903);
#1517=AXIS2_PLACEMENT_3D('',#2309,#1904,#1905);
#1518=AXIS2_PLACEMENT_3D('',#2310,#1906,#1907);
#1519=AXIS2_PLACEMENT_3D('',#2311,#1908,#1909);
#1520=AXIS2_PLACEMENT_3D('',#2312,#1910,#1911);
#1521=AXIS2_PLACEMENT_3D('',#2313,#1912,#1913);
#1522=AXIS2_PLACEMENT_3D('',#2314,#1914,#1915);
#1523=AXIS2_PLACEMENT_3D('',#2315,#1916,#1917);
#1524=AXIS2_PLACEMENT_3D('',#2316,#1918,#1919);
#1525=AXIS2_PLACEMENT_3D('',#2317,#1920,#1921);
#1526=AXIS2_PLACEMENT_3D('',#2318,#1922,#1923);
#1527=AXIS2_PLACEMENT_3D('',#2319,#1924,#1925);
#1528=AXIS2_PLACEMENT_3D('',#2320,#1926,#1927);
#1529=AXIS2_PLACEMENT_3D('',#2321,#1928,#1929);
#1530=AXIS2_PLACEMENT_3D('',#2322,#1930,#1931);
#1531=AXIS2_PLACEMENT_3D('',#2323,#1932,#1933);
#1532=AXIS2_PLACEMENT_3D('',#2324,#1934,#1935);
#1533=AXIS2_PLACEMENT_3D('',#2325,#1936,#1937);
#1534=AXIS2_PLACEMENT_3D('',#2326,#1938,#1939);
#1535=AXIS2_PLACEMENT_3D('',#2327,#1940,#1941);
#1536=AXIS2_PLACEMENT_3D('',#2328,#1942,#1943);
#1537=AXIS2_PLACEMENT_3D('',#2329,#1944,#1945);
#1538=AXIS2_PLACEMENT_3D('',#2330,#1946,#1947);
#1539=AXIS2_PLACEMENT_3D('',#2331,#1948,#1949);
#1540=AXIS2_PLACEMENT_3D('',#2332,#1950,#1951);
#1541=AXIS2_PLACEMENT_3D('',#2333,#1952,#1953);
#1542=AXIS2_PLACEMENT_3D('',#2334,#1954,#1955);
#1543=AXIS2_PLACEMENT_3D('',#2335,#1956,#1957);
#1544=AXIS2_PLACEMENT_3D('',#2336,#1958,#1959);
#1545=AXIS2_PLACEMENT_3D('',#2337,#1960,#1961);
#1546=AXIS2_PLACEMENT_3D('',#2338,#1962,#1963);
#1547=AXIS2_PLACEMENT_3D('placement',#2339,#1964,#1965);
#1548=AXIS2_PLACEMENT_3D('',#2340,#1966,#1967);
#1549=AXIS2_PLACEMENT_3D('',#2349,#1972,#1973);
#1550=AXIS2_PLACEMENT_3D('',#2355,#1977,#1978);
#1551=AXIS2_PLACEMENT_3D('',#2361,#1982,#1983);
#1552=AXIS2_PLACEMENT_3D('',#2364,#1986,#1987);
#1553=AXIS2_PLACEMENT_3D('',#2365,#1988,#1989);
#1554=AXIS2_PLACEMENT_3D('',#2366,#1990,#1991);
#1555=AXIS2_PLACEMENT_3D('',#2367,#1992,#1993);
#1556=DIRECTION('axis',(0.,0.,1.));
#1557=DIRECTION('refdir',(1.,0.,0.));
#1558=DIRECTION('axis',(0.,0.,1.));
#1559=DIRECTION('refdir',(1.,0.,0.));
#1560=DIRECTION('center_axis',(-1.,0.,0.));
#1561=DIRECTION('ref_axis',(0.,0.,1.));
#1562=DIRECTION('',(0.,0.,-1.));
#1563=DIRECTION('',(0.,-1.,0.));
#1564=DIRECTION('',(0.,0.,-1.));
#1565=DIRECTION('',(0.,-1.,0.));
#1566=DIRECTION('center_axis',(1.44397015527387E-16,0.,1.));
#1567=DIRECTION('ref_axis',(1.,0.,-1.44397015527387E-16));
#1568=DIRECTION('',(-1.,0.,1.44397015527387E-16));
#1569=DIRECTION('',(0.,-1.,0.));
#1570=DIRECTION('',(-1.,0.,1.44397015527387E-16));
#1571=DIRECTION('center_axis',(0.,-1.,0.));
#1572=DIRECTION('ref_axis',(0.,0.,-1.));
#1573=DIRECTION('center_axis',(0.,1.,0.));
#1574=DIRECTION('ref_axis',(0.,0.,1.));
#1575=DIRECTION('',(0.,-1.,0.));
#1576=DIRECTION('center_axis',(0.,1.,0.));
#1577=DIRECTION('ref_axis',(0.,0.,1.));
#1578=DIRECTION('center_axis',(1.,0.,-3.61400724161835E-16));
#1579=DIRECTION('ref_axis',(-3.61400724161835E-16,0.,-1.));
#1580=DIRECTION('',(3.61400724161835E-16,0.,1.));
#1581=DIRECTION('',(0.,-1.,0.));
#1582=DIRECTION('',(3.61400724161835E-16,0.,1.));
#1583=DIRECTION('center_axis',(0.,-1.,0.));
#1584=DIRECTION('ref_axis',(0.,0.,-1.));
#1585=DIRECTION('center_axis',(0.,1.,0.));
#1586=DIRECTION('ref_axis',(0.,0.,1.));
#1587=DIRECTION('',(0.,-1.,0.));
#1588=DIRECTION('center_axis',(0.,1.,0.));
#1589=DIRECTION('ref_axis',(0.,0.,1.));
#1590=DIRECTION('center_axis',(-1.,0.,0.));
#1591=DIRECTION('ref_axis',(0.,0.,1.));
#1592=DIRECTION('',(0.,0.,-1.));
#1593=DIRECTION('',(0.,-1.,0.));
#1594=DIRECTION('',(0.,0.,-1.));
#1595=DIRECTION('center_axis',(2.35696124453371E-17,0.,-1.));
#1596=DIRECTION('ref_axis',(-1.,0.,-2.35696124453371E-17));
#1597=DIRECTION('',(1.,0.,2.35696124453371E-17));
#1598=DIRECTION('',(1.,0.,2.35696124453371E-17));
#1599=DIRECTION('center_axis',(0.,1.,0.));
#1600=DIRECTION('ref_axis',(0.,0.,1.));
#1601=DIRECTION('center_axis',(0.,1.,0.));
#1602=DIRECTION('ref_axis',(0.,0.,1.));
#1603=DIRECTION('center_axis',(1.,0.,0.));
#1604=DIRECTION('ref_axis',(0.,0.,-1.));
#1605=DIRECTION('',(0.,0.,1.));
#1606=DIRECTION('',(0.,-1.,0.));
#1607=DIRECTION('',(0.,0.,1.));
#1608=DIRECTION('',(0.,-1.,0.));
#1609=DIRECTION('center_axis',(0.,-1.,0.));
#1610=DIRECTION('ref_axis',(0.,0.,-1.));
#1611=DIRECTION('center_axis',(0.,1.,0.));
#1612=DIRECTION('ref_axis',(0.,0.,1.));
#1613=DIRECTION('',(0.,-1.,0.));
#1614=DIRECTION('center_axis',(0.,1.,0.));
#1615=DIRECTION('ref_axis',(0.,0.,1.));
#1616=DIRECTION('center_axis',(-1.,0.,-7.22801448323669E-16));
#1617=DIRECTION('ref_axis',(-7.22801448323669E-16,0.,1.));
#1618=DIRECTION('',(7.22801448323669E-16,0.,-1.));
#1619=DIRECTION('',(0.,-1.,0.));
#1620=DIRECTION('',(7.22801448323669E-16,0.,-1.));
#1621=DIRECTION('center_axis',(0.,-1.,0.));
#1622=DIRECTION('ref_axis',(0.,0.,-1.));
#1623=DIRECTION('center_axis',(0.,1.,0.));
#1624=DIRECTION('ref_axis',(0.,0.,1.));
#1625=DIRECTION('',(0.,-1.,0.));
#1626=DIRECTION('center_axis',(0.,1.,0.));
#1627=DIRECTION('ref_axis',(0.,0.,1.));
#1628=DIRECTION('center_axis',(1.00532344302083E-16,0.,1.));
#1629=DIRECTION('ref_axis',(1.,0.,-1.00532344302083E-16));
#1630=DIRECTION('',(-1.,0.,1.00532344302083E-16));
#1631=DIRECTION('',(0.,-1.,0.));
#1632=DIRECTION('',(-1.,0.,1.00532344302083E-16));
#1633=DIRECTION('center_axis',(1.,0.,0.));
#1634=DIRECTION('ref_axis',(0.,0.,-1.));
#1635=DIRECTION('',(0.,0.,1.));
#1636=DIRECTION('',(0.,-1.,0.));
#1637=DIRECTION('',(0.,0.,1.));
#1638=DIRECTION('center_axis',(-2.82835349344045E-16,0.,-1.));
#1639=DIRECTION('ref_axis',(-1.,0.,2.82835349344045E-16));
#1640=DIRECTION('',(1.,0.,-2.82835349344045E-16));
#1641=DIRECTION('',(1.,0.,-2.82835349344045E-16));
#1642=DIRECTION('center_axis',(0.,1.,0.));
#1643=DIRECTION('ref_axis',(0.,0.,1.));
#1644=DIRECTION('center_axis',(0.,1.,0.));
#1645=DIRECTION('ref_axis',(0.,0.,1.));
#1646=DIRECTION('center_axis',(-1.,0.,0.));
#1647=DIRECTION('ref_axis',(0.,0.,1.));
#1648=DIRECTION('',(0.,1.,0.));
#1649=DIRECTION('',(0.,0.,1.));
#1650=DIRECTION('',(0.,-1.,0.));
#1651=DIRECTION('',(0.,0.,-1.));
#1652=DIRECTION('center_axis',(0.,-1.,0.));
#1653=DIRECTION('ref_axis',(0.,0.,-1.));
#1654=DIRECTION('',(-1.,0.,-2.35696124453371E-17));
#1655=DIRECTION('',(0.,0.,1.));
#1656=DIRECTION('',(1.,0.,0.));
#1657=DIRECTION('',(0.,0.,-1.));
#1658=DIRECTION('center_axis',(1.,0.,0.));
#1659=DIRECTION('ref_axis',(0.,0.,-1.));
#1660=DIRECTION('',(0.,1.,0.));
#1661=DIRECTION('',(0.,0.,-1.));
#1662=DIRECTION('',(0.,-1.,0.));
#1663=DIRECTION('',(0.,0.,1.));
#1664=DIRECTION('center_axis',(0.,1.,0.));
#1665=DIRECTION('ref_axis',(0.,0.,1.));
#1666=DIRECTION('',(1.,0.,2.35696124453371E-17));
#1667=DIRECTION('',(0.,0.,1.));
#1668=DIRECTION('',(-1.,0.,0.));
#1669=DIRECTION('',(0.,0.,-1.));
#1670=DIRECTION('center_axis',(0.,0.,-1.));
#1671=DIRECTION('ref_axis',(-1.,0.,0.));
#1672=DIRECTION('',(0.,-1.,0.));
#1673=DIRECTION('',(1.,0.,0.));
#1674=DIRECTION('',(0.,1.,0.));
#1675=DIRECTION('',(-1.,0.,0.));
#1676=DIRECTION('center_axis',(-2.35696124453371E-17,0.,1.));
#1677=DIRECTION('ref_axis',(1.,0.,2.35696124453371E-17));
#1678=DIRECTION('',(0.,1.,0.));
#1679=DIRECTION('',(1.,0.,2.35696124453371E-17));
#1680=DIRECTION('',(0.,-1.,0.));
#1681=DIRECTION('',(-1.,0.,-2.35696124453371E-17));
#1682=DIRECTION('center_axis',(2.35696124453371E-17,0.,-1.));
#1683=DIRECTION('ref_axis',(1.,0.,2.35696124453371E-17));
#1684=DIRECTION('',(1.31418445149758E-16,1.,3.09748182034858E-33));
#1685=DIRECTION('center_axis',(2.35696124453371E-17,0.,-1.));
#1686=DIRECTION('ref_axis',(1.,0.,2.35696124453371E-17));
#1687=DIRECTION('',(-1.,1.42190448850558E-16,-2.35696124453371E-17));
#1688=DIRECTION('center_axis',(2.35696124453371E-17,0.,-1.));
#1689=DIRECTION('ref_axis',(1.,0.,2.35696124453371E-17));
#1690=DIRECTION('',(-0.707106781186548,-0.707106781186548,-1.66662327900367E-17));
#1691=DIRECTION('center_axis',(2.35696124453371E-17,0.,-1.));
#1692=DIRECTION('ref_axis',(1.,0.,2.35696124453371E-17));
#1693=DIRECTION('',(0.,-1.,0.));
#1694=DIRECTION('center_axis',(2.35696124453371E-17,0.,-1.));
#1695=DIRECTION('ref_axis',(1.,0.,2.35696124453371E-17));
#1696=DIRECTION('',(0.707106781186548,-0.707106781186548,1.66662327900367E-17));
#1697=DIRECTION('center_axis',(2.35696124453371E-17,0.,-1.));
#1698=DIRECTION('ref_axis',(1.,0.,2.35696124453371E-17));
#1699=DIRECTION('',(1.,-1.42190448850558E-16,2.35696124453371E-17));
#1700=DIRECTION('center_axis',(-1.,0.,-2.35696124453371E-17));
#1701=DIRECTION('ref_axis',(-2.35696124453371E-17,0.,1.));
#1702=DIRECTION('',(-2.35696124453371E-17,0.,1.));
#1703=DIRECTION('',(0.,1.,0.));
#1704=DIRECTION('',(2.35696124453371E-17,0.,-1.));
#1705=DIRECTION('',(1.08944213726584E-49,-1.,-4.62223186652937E-33));
#1706=DIRECTION('center_axis',(0.707106781186548,-0.707106781186548,1.66662327900367E-17));
#1707=DIRECTION('ref_axis',(0.707106781186548,0.707106781186548,0.));
#1708=DIRECTION('',(-2.35696124453371E-17,0.,1.));
#1709=DIRECTION('',(0.707106781186548,0.707106781186548,1.66662327900367E-17));
#1710=DIRECTION('',(2.35696124453371E-17,0.,-1.));
#1711=DIRECTION('',(-0.707106781186548,-0.707106781186548,-1.76068722994264E-17));
#1712=DIRECTION('center_axis',(-1.42190448850558E-16,-1.,-3.35137377283617E-33));
#1713=DIRECTION('ref_axis',(1.,-1.42190448850558E-16,0.));
#1714=DIRECTION('',(-2.35696124453371E-17,0.,1.));
#1715=DIRECTION('',(1.,-1.42190448850558E-16,2.35696124453371E-17));
#1716=DIRECTION('',(2.35696124453371E-17,0.,-1.));
#1717=DIRECTION('',(-1.,1.42190448850558E-16,-2.489987759682E-17));
#1718=DIRECTION('center_axis',(-1.,1.31418445149758E-16,-2.35696124453371E-17));
#1719=DIRECTION('ref_axis',(-1.31418445149758E-16,-1.,0.));
#1720=DIRECTION('',(-2.35696124453371E-17,0.,1.));
#1721=DIRECTION('',(-1.31418445149758E-16,-1.,-3.09748182034858E-33));
#1722=DIRECTION('',(2.35696124453371E-17,0.,-1.));
#1723=DIRECTION('',(1.31418445149758E-16,1.,7.89453506472274E-33));
#1724=DIRECTION('center_axis',(-1.42190448850558E-16,-1.,-3.35137377283617E-33));
#1725=DIRECTION('ref_axis',(1.,-1.42190448850558E-16,0.));
#1726=DIRECTION('',(-2.35696124453371E-17,0.,1.));
#1727=DIRECTION('',(-1.,1.42190448850558E-16,-2.35696124453371E-17));
#1728=DIRECTION('',(2.35696124453371E-17,6.84227765783602E-49,-1.));
#1729=DIRECTION('',(1.,-1.42190448850558E-16,2.489987759682E-17));
#1730=DIRECTION('center_axis',(-0.707106781186548,-0.707106781186548,-1.66662327900367E-17));
#1731=DIRECTION('ref_axis',(0.707106781186548,-0.707106781186548,0.));
#1732=DIRECTION('',(-2.35696124453371E-17,-9.02546912993265E-34,1.));
#1733=DIRECTION('',(-0.707106781186548,0.707106781186548,-1.66662327900367E-17));
#1734=DIRECTION('',(2.35696124453371E-17,0.,-1.));
#1735=DIRECTION('',(0.707106781186548,-0.707106781186548,1.76068722994264E-17));
#1736=DIRECTION('center_axis',(2.489987759682E-17,4.62223186652937E-33,
-1.));
#1737=DIRECTION('ref_axis',(-1.,0.,-2.489987759682E-17));
#1738=DIRECTION('',(-1.,1.42190448850558E-16,-2.489987759682E-17));
#1739=DIRECTION('',(-0.707106781186548,0.707106781186548,-1.76068722994264E-17));
#1740=DIRECTION('',(-1.08944213726584E-49,1.,4.62223186652937E-33));
#1741=DIRECTION('',(0.707106781186548,0.707106781186548,1.76068722994264E-17));
#1742=DIRECTION('',(1.,-1.42190448850558E-16,2.489987759682E-17));
#1743=DIRECTION('',(-1.31418445149758E-16,-1.,-7.89453506472274E-33));
#1744=DIRECTION('center_axis',(0.707106781186548,-0.707106781186548,1.76068722994264E-17));
#1745=DIRECTION('ref_axis',(0.707106781186547,0.707106781186547,0.));
#1746=DIRECTION('center_axis',(-0.707106781186548,0.707106781186548,0.));
#1747=DIRECTION('ref_axis',(-0.707106781186547,-0.707106781186547,0.));
#1748=DIRECTION('center_axis',(0.707106781186548,-0.707106781186548,0.));
#1749=DIRECTION('ref_axis',(0.707106781186547,0.707106781186547,0.));
#1750=DIRECTION('center_axis',(0.,1.,0.));
#1751=DIRECTION('ref_axis',(-1.,0.,0.));
#1752=DIRECTION('center_axis',(0.,1.,0.));
#1753=DIRECTION('ref_axis',(0.,0.,-1.));
#1754=DIRECTION('center_axis',(0.,0.,1.));
#1755=DIRECTION('ref_axis',(-1.,0.,0.));
#1756=DIRECTION('center_axis',(0.,1.,0.));
#1757=DIRECTION('ref_axis',(-1.,0.,0.));
#1758=DIRECTION('center_axis',(0.,0.,1.));
#1759=DIRECTION('ref_axis',(-1.,0.,0.));
#1760=DIRECTION('center_axis',(1.,0.,0.));
#1761=DIRECTION('ref_axis',(0.,0.,1.));
#1762=DIRECTION('center_axis',(-2.35696124453371E-17,0.,1.));
#1763=DIRECTION('ref_axis',(1.,0.,2.35696124453371E-17));
#1764=DIRECTION('center_axis',(-2.35696124453371E-17,0.,1.));
#1765=DIRECTION('ref_axis',(1.,0.,2.35696124453371E-17));
#1766=DIRECTION('center_axis',(1.08944213726584E-49,-1.,-4.62223186652937E-33));
#1767=DIRECTION('ref_axis',(5.85209544336525E-98,4.62223186652937E-33,-1.));
#1768=DIRECTION('center_axis',(0.,1.,0.));
#1769=DIRECTION('ref_axis',(0.,0.,1.));
#1770=DIRECTION('center_axis',(1.,-1.42190448850558E-16,2.489987759682E-17));
#1771=DIRECTION('ref_axis',(1.42190448850558E-16,1.,-8.89496095518683E-48));
#1772=DIRECTION('center_axis',(1.,0.,0.));
#1773=DIRECTION('ref_axis',(0.,0.,-1.));
#1774=DIRECTION('center_axis',(-2.35696124453371E-17,-7.25733139592559E-49,
1.));
#1775=DIRECTION('ref_axis',(1.,1.89759562978149E-80,2.35696124453371E-17));
#1776=DIRECTION('center_axis',(-2.35696124453371E-17,0.,1.));
#1777=DIRECTION('ref_axis',(1.,0.,2.35696124453371E-17));
#1778=DIRECTION('center_axis',(0.707106781186548,-0.707106781186548,1.66662327900367E-17));
#1779=DIRECTION('ref_axis',(0.707106781186548,0.707106781186548,-1.23259516440783E-32));
#1780=DIRECTION('center_axis',(-0.707106781186548,0.707106781186548,0.));
#1781=DIRECTION('ref_axis',(-0.707106781186547,-0.707106781186547,0.));
#1782=DIRECTION('center_axis',(0.707106781186548,-0.707106781186548,0.));
#1783=DIRECTION('ref_axis',(0.707106781186547,0.707106781186547,0.));
#1784=DIRECTION('center_axis',(-2.35696124453371E-17,0.,1.));
#1785=DIRECTION('ref_axis',(1.,0.,0.));
#1786=DIRECTION('center_axis',(0.,-1.,0.));
#1787=DIRECTION('ref_axis',(0.,0.,1.));
#1788=DIRECTION('center_axis',(0.,1.,0.));
#1789=DIRECTION('ref_axis',(-1.,0.,0.));
#1790=DIRECTION('center_axis',(0.707106781186548,0.707106781186548,0.));
#1791=DIRECTION('ref_axis',(0.707106781186547,-0.707106781186547,0.));
#1792=DIRECTION('center_axis',(0.,0.,1.));
#1793=DIRECTION('ref_axis',(-1.,0.,0.));
#1794=DIRECTION('center_axis',(0.,1.,0.));
#1795=DIRECTION('ref_axis',(-1.,0.,0.));
#1796=DIRECTION('center_axis',(0.,0.,1.));
#1797=DIRECTION('ref_axis',(-1.,0.,0.));
#1798=DIRECTION('center_axis',(0.,1.,0.));
#1799=DIRECTION('ref_axis',(0.,0.,-1.));
#1800=DIRECTION('center_axis',(-2.35696124453371E-17,0.,1.));
#1801=DIRECTION('ref_axis',(1.,0.,0.));
#1802=DIRECTION('center_axis',(-1.,0.,0.));
#1803=DIRECTION('ref_axis',(0.,0.,-1.));
#1804=DIRECTION('center_axis',(0.,-1.,0.));
#1805=DIRECTION('ref_axis',(0.,0.,-1.));
#1806=DIRECTION('center_axis',(0.,-1.,0.));
#1807=DIRECTION('ref_axis',(0.,0.,-1.));
#1808=DIRECTION('center_axis',(2.35696124453371E-17,0.,-1.));
#1809=DIRECTION('ref_axis',(-1.,0.,-2.35696124453371E-17));
#1810=DIRECTION('center_axis',(-2.35696124453371E-17,0.,1.));
#1811=DIRECTION('ref_axis',(1.,0.,2.35696124453371E-17));
#1812=DIRECTION('center_axis',(-0.707106781186548,-0.707106781186548,-1.76068722994264E-17));
#1813=DIRECTION('ref_axis',(0.707106781186547,-0.707106781186547,0.));
#1814=DIRECTION('center_axis',(0.707106781186548,0.707106781186548,0.));
#1815=DIRECTION('ref_axis',(-0.707106781186547,0.707106781186547,0.));
#1816=DIRECTION('center_axis',(-1.,1.42190448850558E-16,-2.489987759682E-17));
#1817=DIRECTION('ref_axis',(-1.42190448850558E-16,-1.,9.57918872097043E-48));
#1818=DIRECTION('center_axis',(1.,0.,0.));
#1819=DIRECTION('ref_axis',(0.,0.,-1.));
#1820=DIRECTION('center_axis',(-1.,0.,0.));
#1821=DIRECTION('ref_axis',(0.,0.,1.));
#1822=DIRECTION('center_axis',(1.31418445149758E-16,1.,7.89453506472274E-33));
#1823=DIRECTION('ref_axis',(-1.,1.31418445149758E-16,-1.36736175538941E-63));
#1824=DIRECTION('center_axis',(0.,1.,0.));
#1825=DIRECTION('ref_axis',(0.,0.,1.));
#1826=DIRECTION('center_axis',(2.35696124453371E-17,0.,-1.));
#1827=DIRECTION('ref_axis',(-1.,0.,-2.35696124453371E-17));
#1828=DIRECTION('center_axis',(-2.35696124453371E-17,0.,1.));
#1829=DIRECTION('ref_axis',(1.,0.,2.35696124453371E-17));
#1830=DIRECTION('center_axis',(1.,-1.42190448850558E-16,2.35696124453371E-17));
#1831=DIRECTION('ref_axis',(1.42190448850558E-16,1.,3.35137377283617E-33));
#1832=DIRECTION('center_axis',(-1.,0.,0.));
#1833=DIRECTION('ref_axis',(0.,0.,1.));
#1834=DIRECTION('center_axis',(-2.35696124453371E-17,0.,1.));
#1835=DIRECTION('ref_axis',(1.,0.,0.));
#1836=DIRECTION('center_axis',(-0.707106781186548,-0.707106781186548,0.));
#1837=DIRECTION('ref_axis',(-0.707106781186547,0.707106781186547,0.));
#1838=DIRECTION('center_axis',(0.,1.,0.));
#1839=DIRECTION('ref_axis',(-1.,0.,0.));
#1840=DIRECTION('center_axis',(0.,0.,1.));
#1841=DIRECTION('ref_axis',(-1.,0.,0.));
#1842=DIRECTION('center_axis',(0.,1.,0.));
#1843=DIRECTION('ref_axis',(-1.,0.,0.));
#1844=DIRECTION('center_axis',(0.,0.,1.));
#1845=DIRECTION('ref_axis',(-1.,0.,0.));
#1846=DIRECTION('center_axis',(-2.35696124453371E-17,0.,1.));
#1847=DIRECTION('ref_axis',(1.,0.,0.));
#1848=DIRECTION('center_axis',(0.,-1.,0.));
#1849=DIRECTION('ref_axis',(0.,0.,1.));
#1850=DIRECTION('center_axis',(-0.707106781186548,-0.707106781186548,-1.66662327900367E-17));
#1851=DIRECTION('ref_axis',(0.707106781186547,-0.707106781186547,0.));
#1852=DIRECTION('center_axis',(-0.707106781186548,-0.707106781186548,0.));
#1853=DIRECTION('ref_axis',(0.707106781186547,-0.707106781186547,0.));
#1854=DIRECTION('center_axis',(-2.35696124453371E-17,0.,1.));
#1855=DIRECTION('ref_axis',(1.,0.,2.35696124453371E-17));
#1856=DIRECTION('center_axis',(-2.35696124453371E-17,0.,1.));
#1857=DIRECTION('ref_axis',(1.,0.,2.35696124453371E-17));
#1858=DIRECTION('center_axis',(-2.35696124453371E-17,0.,1.));
#1859=DIRECTION('ref_axis',(1.,0.,2.35696124453371E-17));
#1860=DIRECTION('center_axis',(-2.35696124453371E-17,0.,1.));
#1861=DIRECTION('ref_axis',(1.,0.,2.35696124453371E-17));
#1862=DIRECTION('center_axis',(1.31418445149758E-16,1.,3.09748182034858E-33));
#1863=DIRECTION('ref_axis',(-1.,1.31418445149758E-16,-5.31751793762549E-64));
#1864=DIRECTION('center_axis',(0.,-1.,0.));
#1865=DIRECTION('ref_axis',(0.,0.,-1.));
#1866=DIRECTION('center_axis',(-2.35696124453371E-17,0.,1.));
#1867=DIRECTION('ref_axis',(1.,0.,0.));
#1868=DIRECTION('center_axis',(-1.,0.,0.));
#1869=DIRECTION('ref_axis',(0.,0.,-1.));
#1870=DIRECTION('center_axis',(-2.35696124453371E-17,0.,1.));
#1871=DIRECTION('ref_axis',(1.,0.,0.));
#1872=DIRECTION('center_axis',(1.,0.,0.));
#1873=DIRECTION('ref_axis',(0.,0.,1.));
#1874=DIRECTION('center_axis',(-1.,1.42190448850558E-16,-2.35696124453371E-17));
#1875=DIRECTION('ref_axis',(-1.42190448850558E-16,-1.,9.57918872097043E-48));
#1876=DIRECTION('center_axis',(1.,0.,0.));
#1877=DIRECTION('ref_axis',(0.,0.,-1.));
#1878=DIRECTION('center_axis',(-1.,0.,0.));
#1879=DIRECTION('ref_axis',(0.,0.,1.));
#1880=DIRECTION('center_axis',(1.,0.,0.));
#1881=DIRECTION('ref_axis',(0.,0.,-1.));
#1882=DIRECTION('center_axis',(0.,1.,0.));
#1883=DIRECTION('ref_axis',(1.,0.,0.));
#1884=DIRECTION('center_axis',(0.,0.,-1.));
#1885=DIRECTION('ref_axis',(1.,0.,0.));
#1886=DIRECTION('center_axis',(0.,1.,0.));
#1887=DIRECTION('ref_axis',(0.,0.,-1.));
#1888=DIRECTION('center_axis',(1.,0.,0.));
#1889=DIRECTION('ref_axis',(0.,0.,-1.));
#1890=DIRECTION('center_axis',(0.,1.,0.));
#1891=DIRECTION('ref_axis',(0.,0.,-1.));
#1892=DIRECTION('center_axis',(0.,0.,-1.));
#1893=DIRECTION('ref_axis',(1.,0.,0.));
#1894=DIRECTION('center_axis',(0.,-1.,0.));
#1895=DIRECTION('ref_axis',(0.,0.,-1.));
#1896=DIRECTION('center_axis',(0.,1.,8.67361737988405E-15));
#1897=DIRECTION('ref_axis',(0.,-8.67361737988405E-15,1.));
#1898=DIRECTION('center_axis',(0.,0.,-1.));
#1899=DIRECTION('ref_axis',(-1.,0.,0.));
#1900=DIRECTION('center_axis',(0.,0.,-1.));
#1901=DIRECTION('ref_axis',(-1.,0.,0.));
#1902=DIRECTION('center_axis',(-1.,0.,-2.35696124453371E-17));
#1903=DIRECTION('ref_axis',(-2.35696124453371E-17,0.,1.));
#1904=DIRECTION('center_axis',(1.,0.,0.));
#1905=DIRECTION('ref_axis',(0.,0.,-1.));
#1906=DIRECTION('center_axis',(-1.,0.,0.));
#1907=DIRECTION('ref_axis',(0.,0.,1.));
#1908=DIRECTION('center_axis',(0.,0.,-1.));
#1909=DIRECTION('ref_axis',(-1.,0.,0.));
#1910=DIRECTION('center_axis',(0.,-5.42101086242751E-16,-1.));
#1911=DIRECTION('ref_axis',(0.,1.,-5.42101086242751E-16));
#1912=DIRECTION('center_axis',(0.,1.,0.));
#1913=DIRECTION('ref_axis',(0.,0.,1.));
#1914=DIRECTION('center_axis',(0.,1.,0.));
#1915=DIRECTION('ref_axis',(0.,0.,1.));
#1916=DIRECTION('center_axis',(-1.,0.,0.));
#1917=DIRECTION('ref_axis',(0.,0.,1.));
#1918=DIRECTION('center_axis',(-1.,0.,0.));
#1919=DIRECTION('ref_axis',(0.,0.,1.));
#1920=DIRECTION('center_axis',(1.,0.,-8.67361737988405E-15));
#1921=DIRECTION('ref_axis',(-8.67361737988405E-15,0.,-1.));
#1922=DIRECTION('center_axis',(0.,1.,0.));
#1923=DIRECTION('ref_axis',(1.,0.,0.));
#1924=DIRECTION('center_axis',(0.,0.,-1.));
#1925=DIRECTION('ref_axis',(1.,0.,0.));
#1926=DIRECTION('center_axis',(1.,0.,0.));
#1927=DIRECTION('ref_axis',(0.,0.,-1.));
#1928=DIRECTION('center_axis',(0.,1.,0.));
#1929=DIRECTION('ref_axis',(0.,0.,-1.));
#1930=DIRECTION('center_axis',(1.,0.,0.));
#1931=DIRECTION('ref_axis',(0.,0.,-1.));
#1932=DIRECTION('center_axis',(0.,1.,0.));
#1933=DIRECTION('ref_axis',(0.,0.,-1.));
#1934=DIRECTION('center_axis',(0.,1.,0.));
#1935=DIRECTION('ref_axis',(1.,0.,0.));
#1936=DIRECTION('center_axis',(0.,0.,-1.));
#1937=DIRECTION('ref_axis',(1.,0.,0.));
#1938=DIRECTION('center_axis',(0.,0.,-1.));
#1939=DIRECTION('ref_axis',(-1.,0.,0.));
#1940=DIRECTION('center_axis',(0.,0.,-1.));
#1941=DIRECTION('ref_axis',(-1.,0.,0.));
#1942=DIRECTION('center_axis',(0.,1.,0.));
#1943=DIRECTION('ref_axis',(0.,0.,1.));
#1944=DIRECTION('center_axis',(0.,1.,0.));
#1945=DIRECTION('ref_axis',(0.,0.,1.));
#1946=DIRECTION('center_axis',(0.,1.,0.));
#1947=DIRECTION('ref_axis',(0.,0.,1.));
#1948=DIRECTION('center_axis',(0.,1.,8.67361737988404E-15));
#1949=DIRECTION('ref_axis',(0.,-8.67361737988404E-15,1.));
#1950=DIRECTION('center_axis',(0.,0.,-1.));
#1951=DIRECTION('ref_axis',(-1.,0.,0.));
#1952=DIRECTION('center_axis',(-5.42101086242746E-16,0.,-1.));
#1953=DIRECTION('ref_axis',(-1.,0.,5.42101086242746E-16));
#1954=DIRECTION('center_axis',(0.,0.,1.));
#1955=DIRECTION('ref_axis',(-8.88178419700128E-15,-1.,0.));
#1956=DIRECTION('center_axis',(1.,0.,0.));
#1957=DIRECTION('ref_axis',(0.,0.,1.));
#1958=DIRECTION('center_axis',(0.,1.,0.));
#1959=DIRECTION('ref_axis',(0.,0.,-1.));
#1960=DIRECTION('center_axis',(-1.,-8.67361737988409E-15,0.));
#1961=DIRECTION('ref_axis',(-8.67361737988409E-15,1.,0.));
#1962=DIRECTION('center_axis',(1.,0.,2.35696124453371E-17));
#1963=DIRECTION('ref_axis',(2.35696124453371E-17,0.,-1.));
#1964=DIRECTION('axis',(0.,0.,1.));
#1965=DIRECTION('refdir',(1.,0.,0.));
#1966=DIRECTION('center_axis',(1.,1.03257349760524E-16,0.));
#1967=DIRECTION('ref_axis',(-1.03257349760524E-16,1.,0.));
#1968=DIRECTION('',(1.03257349760524E-16,-1.,0.));
#1969=DIRECTION('',(0.,0.,-1.));
#1970=DIRECTION('',(1.03257349760524E-16,-1.,0.));
#1971=DIRECTION('',(0.,0.,-1.));
#1972=DIRECTION('center_axis',(0.,1.,0.));
#1973=DIRECTION('ref_axis',(0.,0.,1.));
#1974=DIRECTION('',(1.,0.,0.));
#1975=DIRECTION('',(0.,0.,-1.));
#1976=DIRECTION('',(1.,0.,0.));
#1977=DIRECTION('center_axis',(-1.,0.,0.));
#1978=DIRECTION('ref_axis',(0.,0.,1.));
#1979=DIRECTION('',(0.,1.,0.));
#1980=DIRECTION('',(0.,0.,-1.));
#1981=DIRECTION('',(0.,1.,0.));
#1982=DIRECTION('center_axis',(0.,-1.,0.));
#1983=DIRECTION('ref_axis',(0.,0.,-1.));
#1984=DIRECTION('',(-1.,0.,0.));
#1985=DIRECTION('',(-1.,0.,0.));
#1986=DIRECTION('center_axis',(0.,0.,1.));
#1987=DIRECTION('ref_axis',(1.,0.,0.));
#1988=DIRECTION('center_axis',(0.,0.,1.));
#1989=DIRECTION('ref_axis',(1.,0.,0.));
#1990=DIRECTION('',(0.,0.,1.));
#1991=DIRECTION('',(1.,0.,0.));
#1992=DIRECTION('',(0.,0.,1.));
#1993=DIRECTION('',(1.,0.,0.));
#1994=CARTESIAN_POINT('',(0.,0.,0.));
#1995=CARTESIAN_POINT('',(0.,0.,0.));
#1996=CARTESIAN_POINT('Origin',(-2.35,1.2,0.15));
#1997=CARTESIAN_POINT('',(-2.35,-1.2,0.15));
#1998=CARTESIAN_POINT('',(-2.35,-1.2,-3.42624198366976E-18));
#1999=CARTESIAN_POINT('',(-2.35,-1.2,0.15));
#2000=CARTESIAN_POINT('',(-2.35,1.2,-3.42624198366976E-18));
#2001=CARTESIAN_POINT('',(-2.35,1.2,-3.42624198366976E-18));
#2002=CARTESIAN_POINT('',(-2.35,1.2,0.15));
#2003=CARTESIAN_POINT('',(-2.35,1.2,0.15));
#2004=CARTESIAN_POINT('',(-2.35,1.2,0.15));
#2005=CARTESIAN_POINT('Origin',(-2.35,1.2,-3.42624198366976E-18));
#2006=CARTESIAN_POINT('',(-3.5,-1.2,1.62630325872826E-16));
#2007=CARTESIAN_POINT('',(-2.35,-1.2,-3.42624198366976E-18));
#2008=CARTESIAN_POINT('',(-3.5,1.2,1.62630325872826E-16));
#2009=CARTESIAN_POINT('',(-3.5,1.2,1.62630325872826E-16));
#2010=CARTESIAN_POINT('',(-2.35,1.2,-3.42624198366976E-18));
#2011=CARTESIAN_POINT('Origin',(-3.5,1.2,0.15));
#2012=CARTESIAN_POINT('',(-3.65,-1.2,0.15));
#2013=CARTESIAN_POINT('Origin',(-3.5,-1.2,0.15));
#2014=CARTESIAN_POINT('',(-3.65,1.2,0.15));
#2015=CARTESIAN_POINT('',(-3.65,1.2,0.15));
#2016=CARTESIAN_POINT('Origin',(-3.5,1.2,0.15));
#2017=CARTESIAN_POINT('Origin',(-3.65,1.2,0.15));
#2018=CARTESIAN_POINT('',(-3.65,-1.2,1.35));
#2019=CARTESIAN_POINT('',(-3.65,-1.2,0.15));
#2020=CARTESIAN_POINT('',(-3.65,1.2,1.35));
#2021=CARTESIAN_POINT('',(-3.65,1.2,1.35));
#2022=CARTESIAN_POINT('',(-3.65,1.2,0.15));
#2023=CARTESIAN_POINT('Origin',(-3.5,1.2,1.35));
#2024=CARTESIAN_POINT('',(-3.5,-1.2,1.5));
#2025=CARTESIAN_POINT('Origin',(-3.5,-1.2,1.35));
#2026=CARTESIAN_POINT('',(-3.5,1.2,1.5));
#2027=CARTESIAN_POINT('',(-3.5,1.2,1.5));
#2028=CARTESIAN_POINT('Origin',(-3.5,1.2,1.35));
#2029=CARTESIAN_POINT('Origin',(-3.5,1.2,1.5));
#2030=CARTESIAN_POINT('',(-3.5,-1.2,0.15));
#2031=CARTESIAN_POINT('',(-3.5,-1.2,1.5));
#2032=CARTESIAN_POINT('',(-3.5,1.2,0.15));
#2033=CARTESIAN_POINT('',(-3.5,1.2,0.15));
#2034=CARTESIAN_POINT('',(-3.5,1.2,1.5));
#2035=CARTESIAN_POINT('Origin',(-3.5,1.2,0.15));
#2036=CARTESIAN_POINT('',(-3.5,-1.2,0.15));
#2037=CARTESIAN_POINT('',(-3.5,1.2,0.15));
#2038=CARTESIAN_POINT('Origin',(-3.5,1.2,0.15));
#2039=CARTESIAN_POINT('Origin',(-3.5,-1.2,0.15));
#2040=CARTESIAN_POINT('Origin',(3.5,1.2,0.149999999999999));
#2041=CARTESIAN_POINT('',(3.5,-1.2,0.149999999999999));
#2042=CARTESIAN_POINT('',(3.5,-1.2,1.5));
#2043=CARTESIAN_POINT('',(3.5,-1.2,0.149999999999999));
#2044=CARTESIAN_POINT('',(3.5,1.2,1.5));
#2045=CARTESIAN_POINT('',(3.5,1.2,1.5));
#2046=CARTESIAN_POINT('',(3.5,1.2,0.149999999999999));
#2047=CARTESIAN_POINT('',(3.5,1.2,0.149999999999999));
#2048=CARTESIAN_POINT('',(3.5,1.2,0.149999999999999));
#2049=CARTESIAN_POINT('Origin',(3.5,1.2,1.35));
#2050=CARTESIAN_POINT('',(3.65,-1.2,1.35));
#2051=CARTESIAN_POINT('Origin',(3.5,-1.2,1.35));
#2052=CARTESIAN_POINT('',(3.65,1.2,1.35));
#2053=CARTESIAN_POINT('',(3.65,1.2,1.35));
#2054=CARTESIAN_POINT('Origin',(3.5,1.2,1.35));
#2055=CARTESIAN_POINT('Origin',(3.65,1.2,1.35));
#2056=CARTESIAN_POINT('',(3.65,-1.2,0.149999999999999));
#2057=CARTESIAN_POINT('',(3.65,-1.2,1.35));
#2058=CARTESIAN_POINT('',(3.65,1.2,0.149999999999999));
#2059=CARTESIAN_POINT('',(3.65,1.2,0.149999999999999));
#2060=CARTESIAN_POINT('',(3.65,1.2,1.35));
#2061=CARTESIAN_POINT('Origin',(3.5,1.2,0.149999999999999));
#2062=CARTESIAN_POINT('',(3.5,-1.2,-6.94622433530322E-16));
#2063=CARTESIAN_POINT('Origin',(3.5,-1.2,0.149999999999999));
#2064=CARTESIAN_POINT('',(3.5,1.2,-6.94622433530322E-16));
#2065=CARTESIAN_POINT('',(3.5,1.2,-6.94622433530322E-16));
#2066=CARTESIAN_POINT('Origin',(3.5,1.2,0.149999999999999));
#2067=CARTESIAN_POINT('Origin',(3.5,1.2,-6.94622433530322E-16));
#2068=CARTESIAN_POINT('',(2.35,-1.2,-5.79010237582926E-16));
#2069=CARTESIAN_POINT('',(3.5,-1.2,-6.94622433530322E-16));
#2070=CARTESIAN_POINT('',(2.35,1.2,-5.79010237582926E-16));
#2071=CARTESIAN_POINT('',(2.35,1.2,-5.79010237582926E-16));
#2072=CARTESIAN_POINT('',(3.5,1.2,-6.94622433530322E-16));
#2073=CARTESIAN_POINT('Origin',(2.35,1.2,-5.79010237582926E-16));
#2074=CARTESIAN_POINT('',(2.35,-1.2,0.149999999999999));
#2075=CARTESIAN_POINT('',(2.35,-1.2,-5.79010237582926E-16));
#2076=CARTESIAN_POINT('',(2.35,1.2,0.149999999999999));
#2077=CARTESIAN_POINT('',(2.35,1.2,0.149999999999999));
#2078=CARTESIAN_POINT('',(2.35,1.2,-5.79010237582926E-16));
#2079=CARTESIAN_POINT('Origin',(2.35,1.2,0.149999999999999));
#2080=CARTESIAN_POINT('',(2.35,-1.2,0.149999999999999));
#2081=CARTESIAN_POINT('',(2.35,1.2,0.149999999999999));
#2082=CARTESIAN_POINT('Origin',(3.5,1.2,1.35));
#2083=CARTESIAN_POINT('Origin',(3.5,-1.2,1.35));
#2084=CARTESIAN_POINT('Origin',(3.5,-2.15,2.));
#2085=CARTESIAN_POINT('',(3.5,-2.1,0.2));
#2086=CARTESIAN_POINT('',(3.5,2.1,0.2));
#2087=CARTESIAN_POINT('',(3.5,-2.15,0.2));
#2088=CARTESIAN_POINT('',(3.5,2.1,1.95));
#2089=CARTESIAN_POINT('',(3.5,2.1,2.));
#2090=CARTESIAN_POINT('',(3.5,-2.1,1.95));
#2091=CARTESIAN_POINT('',(3.5,-2.15,1.95));
#2092=CARTESIAN_POINT('',(3.5,-2.1,2.));
#2093=CARTESIAN_POINT('Origin',(-3.5,2.15,2.));
#2094=CARTESIAN_POINT('',(3.45,2.15,0.2));
#2095=CARTESIAN_POINT('',(-3.45,2.15,0.2));
#2096=CARTESIAN_POINT('',(-3.5,2.15,0.2));
#2097=CARTESIAN_POINT('',(-3.45,2.15,1.95));
#2098=CARTESIAN_POINT('',(-3.45,2.15,2.));
#2099=CARTESIAN_POINT('',(3.45,2.15,1.95));
#2100=CARTESIAN_POINT('',(-3.5,2.15,1.95));
#2101=CARTESIAN_POINT('',(3.45,2.15,2.));
#2102=CARTESIAN_POINT('Origin',(-3.5,-2.15,2.));
#2103=CARTESIAN_POINT('',(-3.5,-2.1,1.95));
#2104=CARTESIAN_POINT('',(-3.5,2.1,1.95));
#2105=CARTESIAN_POINT('',(-3.5,-2.15,1.95));
#2106=CARTESIAN_POINT('',(-3.5,2.1,0.2));
#2107=CARTESIAN_POINT('',(-3.5,2.1,2.));
#2108=CARTESIAN_POINT('',(-3.5,-2.1,0.2));
#2109=CARTESIAN_POINT('',(-3.5,-2.15,0.2));
#2110=CARTESIAN_POINT('',(-3.5,-2.1,2.));
#2111=CARTESIAN_POINT('Origin',(-3.5,-2.15,2.));
#2112=CARTESIAN_POINT('',(-3.45,-2.15,0.2));
#2113=CARTESIAN_POINT('',(3.45,-2.15,0.2));
#2114=CARTESIAN_POINT('',(-3.5,-2.15,0.2));
#2115=CARTESIAN_POINT('',(3.45,-2.15,1.95));
#2116=CARTESIAN_POINT('',(3.45,-2.15,2.));
#2117=CARTESIAN_POINT('',(-3.45,-2.15,1.95));
#2118=CARTESIAN_POINT('',(-3.5,-2.15,1.95));
#2119=CARTESIAN_POINT('',(-3.45,-2.15,2.));
#2120=CARTESIAN_POINT('Origin',(0.,0.,2.));
#2121=CARTESIAN_POINT('',(-3.45,2.1,2.));
#2122=CARTESIAN_POINT('',(-3.45,-2.1,2.));
#2123=CARTESIAN_POINT('',(-3.45,0.,2.));
#2124=CARTESIAN_POINT('',(3.45,-2.1,2.));
#2125=CARTESIAN_POINT('',(0.,-2.1,2.));
#2126=CARTESIAN_POINT('',(3.45,2.1,2.));
#2127=CARTESIAN_POINT('',(3.45,0.,2.));
#2128=CARTESIAN_POINT('',(0.,2.1,2.));
#2129=CARTESIAN_POINT('Origin',(-3.5,-1.2,0.15));
#2130=CARTESIAN_POINT('',(-3.45,-2.1,0.15));
#2131=CARTESIAN_POINT('',(-3.45,2.1,0.15));
#2132=CARTESIAN_POINT('',(-3.45,-1.2,0.15));
#2133=CARTESIAN_POINT('',(3.45,2.1,0.15));
#2134=CARTESIAN_POINT('',(-3.5,2.1,0.15));
#2135=CARTESIAN_POINT('',(3.45,-2.1,0.15));
#2136=CARTESIAN_POINT('',(3.45,-1.2,0.15));
#2137=CARTESIAN_POINT('',(-3.5,-2.1,0.15));
#2138=CARTESIAN_POINT('',(1.9,-1.6,0.15));
#2139=CARTESIAN_POINT('',(1.8,-1.7,0.15));
#2140=CARTESIAN_POINT('Origin',(1.8,-1.6,0.15));
#2141=CARTESIAN_POINT('',(1.9,1.6,0.15));
#2142=CARTESIAN_POINT('',(1.9,1.65,0.15));
#2143=CARTESIAN_POINT('',(1.8,1.7,0.15));
#2144=CARTESIAN_POINT('Origin',(1.8,1.6,0.15));
#2145=CARTESIAN_POINT('',(-1.17928932188135,1.7,0.15));
#2146=CARTESIAN_POINT('',(-1.2,1.7,0.15));
#2147=CARTESIAN_POINT('',(-1.25,1.67071067811866,0.15));
#2148=CARTESIAN_POINT('Origin',(-1.17928932188135,1.6,0.15));
#2149=CARTESIAN_POINT('',(-1.72071067811866,1.2,0.15));
#2150=CARTESIAN_POINT('',(-1.73535533905933,1.18535533905933,0.15));
#2151=CARTESIAN_POINT('',(-1.75,1.12928932188135,0.15));
#2152=CARTESIAN_POINT('Origin',(-1.65,1.12928932188135,0.15));
#2153=CARTESIAN_POINT('',(-1.75,-1.12928932188135,0.15));
#2154=CARTESIAN_POINT('',(-1.75,-1.2,0.15));
#2155=CARTESIAN_POINT('',(-1.72071067811866,-1.2,0.15));
#2156=CARTESIAN_POINT('Origin',(-1.65,-1.12928932188135,0.15));
#2157=CARTESIAN_POINT('',(-1.25,-1.67071067811866,0.15));
#2158=CARTESIAN_POINT('',(-2.61035533905933,-0.310355339059328,0.15));
#2159=CARTESIAN_POINT('',(-1.17928932188135,-1.7,0.15));
#2160=CARTESIAN_POINT('Origin',(-1.17928932188135,-1.6,0.15));
#2161=CARTESIAN_POINT('',(-3.5,-1.7,0.15));
#2162=CARTESIAN_POINT('Origin',(-1.7,-6.93334779979405E-34,0.));
#2163=CARTESIAN_POINT('',(-1.7,-1.12928932188135,0.05));
#2164=CARTESIAN_POINT('',(-1.7,-1.12928932188135,0.1));
#2165=CARTESIAN_POINT('',(-1.7,-1.12928932188135,0.));
#2166=CARTESIAN_POINT('',(-1.7,1.12928932188135,0.1));
#2167=CARTESIAN_POINT('',(-1.7,-6.93334779979405E-34,0.1));
#2168=CARTESIAN_POINT('',(-1.7,1.12928932188135,0.05));
#2169=CARTESIAN_POINT('',(-1.7,1.12928932188135,1.1284745767894E-33));
#2170=CARTESIAN_POINT('',(-1.7,-9.24446373305874E-34,0.05));
#2171=CARTESIAN_POINT('Origin',(-1.425,1.425,2.71050543121376E-17));
#2172=CARTESIAN_POINT('',(-1.68535533905933,1.16464466094067,0.05));
#2173=CARTESIAN_POINT('',(-1.68535533905933,1.16464466094067,0.1));
#2174=CARTESIAN_POINT('',(-1.68535533905933,1.16464466094067,0.15));
#2175=CARTESIAN_POINT('',(-1.21464466094067,1.63535533905933,0.1));
#2176=CARTESIAN_POINT('',(-1.2,1.65,0.1));
#2177=CARTESIAN_POINT('',(-1.21464466094067,1.63535533905933,0.05));
#2178=CARTESIAN_POINT('',(-1.21464466094067,1.63535533905933,3.20630481295734E-17));
#2179=CARTESIAN_POINT('',(-1.7,1.15,0.05));
#2180=CARTESIAN_POINT('Origin',(2.34414700830698E-16,1.65,5.42101086242752E-17));
#2181=CARTESIAN_POINT('',(-1.17928932188135,1.65,0.05));
#2182=CARTESIAN_POINT('',(-1.17928932188135,1.65,0.1));
#2183=CARTESIAN_POINT('',(-1.17928932188135,1.65,2.64147163466076E-17));
#2184=CARTESIAN_POINT('',(1.8,1.65,0.1));
#2185=CARTESIAN_POINT('',(1.85,1.65,0.1));
#2186=CARTESIAN_POINT('',(1.8,1.65,0.0500000000000001));
#2187=CARTESIAN_POINT('',(1.8,1.65,9.66354110258819E-17));
#2188=CARTESIAN_POINT('',(-1.2,1.65,0.05));
#2189=CARTESIAN_POINT('Origin',(1.85,-2.43124123527052E-16,1.0842021724855E-16));
#2190=CARTESIAN_POINT('',(1.85,1.6,0.0500000000000001));
#2191=CARTESIAN_POINT('',(1.85,1.6,0.1));
#2192=CARTESIAN_POINT('',(1.85,1.6,1.0842021724855E-16));
#2193=CARTESIAN_POINT('',(1.85,-1.6,0.1));
#2194=CARTESIAN_POINT('',(1.85,-1.65,0.1));
#2195=CARTESIAN_POINT('',(1.85,-1.6,0.0500000000000001));
#2196=CARTESIAN_POINT('',(1.85,-1.6,1.0842021724855E-16));
#2197=CARTESIAN_POINT('',(1.85,1.65,0.0500000000000001));
#2198=CARTESIAN_POINT('Origin',(-2.34813780376143E-16,-1.65,5.42101086242752E-17));
#2199=CARTESIAN_POINT('',(1.8,-1.65,0.0500000000000001));
#2200=CARTESIAN_POINT('',(1.8,-1.65,0.1));
#2201=CARTESIAN_POINT('',(1.8,-1.65,0.15));
#2202=CARTESIAN_POINT('',(-1.17928932188135,-1.65,0.1));
#2203=CARTESIAN_POINT('',(-2.37170741620677E-16,-1.65,0.1));
#2204=CARTESIAN_POINT('',(-1.17928932188135,-1.65,0.05));
#2205=CARTESIAN_POINT('',(-1.17928932188135,-1.65,2.64147163466076E-17));
#2206=CARTESIAN_POINT('',(-2.36058774255984E-16,-1.65,0.0500000000000001));
#2207=CARTESIAN_POINT('Origin',(-1.425,-1.425,2.71050543121376E-17));
#2208=CARTESIAN_POINT('',(-1.21464466094067,-1.63535533905933,0.05));
#2209=CARTESIAN_POINT('',(-1.21464466094067,-1.63535533905933,0.1));
#2210=CARTESIAN_POINT('',(-1.21464466094067,-1.63535533905933,3.20630481295734E-17));
#2211=CARTESIAN_POINT('',(-1.68535533905933,-1.16464466094067,0.1));
#2212=CARTESIAN_POINT('',(-1.425,-1.425,0.1));
#2213=CARTESIAN_POINT('',(-1.68535533905933,-1.16464466094067,0.05));
#2214=CARTESIAN_POINT('',(-1.68535533905933,-1.16464466094067,2.09685798724349E-17));
#2215=CARTESIAN_POINT('',(-1.425,-1.425,0.05));
#2216=CARTESIAN_POINT('Origin',(-1.99539772722443E-19,-6.93334779979405E-34,
5.42101086242752E-17));
#2217=CARTESIAN_POINT('',(1.8,-1.6,9.90298882985512E-17));
#2218=CARTESIAN_POINT('',(-1.17928932188135,-1.6,2.48459488581928E-17));
#2219=CARTESIAN_POINT('',(-2.27704257933615E-16,-1.6,5.42101086242752E-17));
#2220=CARTESIAN_POINT('',(-1.65,-1.12928932188135,1.31253105895222E-17));
#2221=CARTESIAN_POINT('',(-1.38964466094067,-1.38964466094067,1.9608126663778E-17));
#2222=CARTESIAN_POINT('',(-1.65,1.12928932188135,1.31253105895222E-17));
#2223=CARTESIAN_POINT('',(-1.65,-6.93334779979405E-34,1.31253105895222E-17));
#2224=CARTESIAN_POINT('',(-1.17928932188135,1.6,2.48459488581929E-17));
#2225=CARTESIAN_POINT('',(-1.16464466094067,1.61464466094067,2.71050543121376E-17));
#2226=CARTESIAN_POINT('',(1.8,1.6,9.90298882985512E-17));
#2227=CARTESIAN_POINT('',(1.85,1.6,1.01643953670516E-16));
#2228=CARTESIAN_POINT('',(1.8,-1.65,1.01643953670516E-16));
#2229=CARTESIAN_POINT('Origin',(-1.38964466094067,-1.38964466094067,0.05));
#2230=CARTESIAN_POINT('Origin',(-1.65,-1.12928932188135,0.05));
#2231=CARTESIAN_POINT('Origin',(-1.17928932188135,-1.6,0.05));
#2232=CARTESIAN_POINT('Origin',(-1.65,-1.12928932188135,0.05));
#2233=CARTESIAN_POINT('Origin',(-1.65,-1.12928932188135,0.05));
#2234=CARTESIAN_POINT('Origin',(-1.65,-1.12928932188135,0.05));
#2235=CARTESIAN_POINT('Origin',(-1.17928932188135,-1.6,0.05));
#2236=CARTESIAN_POINT('Origin',(-1.17928932188135,-1.6,0.05));
#2237=CARTESIAN_POINT('Origin',(-1.17928932188135,-1.6,0.05));
#2238=CARTESIAN_POINT('Origin',(-1.65,-1.12928932188135,1.17848062226685E-18));
#2239=CARTESIAN_POINT('Origin',(-1.65,-1.12928932188135,0.1));
#2240=CARTESIAN_POINT('Origin',(-1.65,-9.24446373305874E-34,0.05));
#2241=CARTESIAN_POINT('Origin',(-1.65,1.12928932188135,0.05));
#2242=CARTESIAN_POINT('Origin',(-2.28949251813456E-16,-1.6,0.0500000000000001));
#2243=CARTESIAN_POINT('Origin',(1.8,-1.6,0.0500000000000001));
#2244=CARTESIAN_POINT('Origin',(-1.17928932188135,-1.6,3.28963597690753E-17));
#2245=CARTESIAN_POINT('Origin',(-1.17928932188135,-1.6,0.1));
#2246=CARTESIAN_POINT('Origin',(-2.61035533905933,-0.310355339059328,0.1));
#2247=CARTESIAN_POINT('Origin',(-1.25,-1.67071067811866,0.1));
#2248=CARTESIAN_POINT('Origin',(-1.72071067811866,-1.2,0.1));
#2249=CARTESIAN_POINT('Origin',(-1.65,-1.12928932188135,0.1));
#2250=CARTESIAN_POINT('Origin',(-1.75,-1.12928932188135,0.1));
#2251=CARTESIAN_POINT('Origin',(-1.65,1.12928932188135,0.05));
#2252=CARTESIAN_POINT('Origin',(-1.65,1.12928932188135,0.05));
#2253=CARTESIAN_POINT('Origin',(-1.65,1.12928932188135,0.05));
#2254=CARTESIAN_POINT('Origin',(1.8,-1.6,0.0500000000000001));
#2255=CARTESIAN_POINT('Origin',(1.8,-1.6,0.0500000000000001));
#2256=CARTESIAN_POINT('Origin',(1.8,-1.6,0.0500000000000001));
#2257=CARTESIAN_POINT('Origin',(-1.17928932188135,-1.6,0.1));
#2258=CARTESIAN_POINT('Origin',(-1.17928932188135,-1.7,0.1));
#2259=CARTESIAN_POINT('Origin',(-1.75,-1.2,0.1));
#2260=CARTESIAN_POINT('Origin',(-1.75,1.12928932188135,0.1));
#2261=CARTESIAN_POINT('Origin',(-1.65,1.12928932188135,2.18018915119368E-17));
#2262=CARTESIAN_POINT('Origin',(-1.65,1.12928932188135,0.1));
#2263=CARTESIAN_POINT('Origin',(-1.38964466094067,1.38964466094067,0.05));
#2264=CARTESIAN_POINT('Origin',(-1.17928932188135,1.6,0.05));
#2265=CARTESIAN_POINT('Origin',(2.26060184508329E-16,1.6,0.0500000000000001));
#2266=CARTESIAN_POINT('Origin',(1.8,1.6,0.0500000000000001));
#2267=CARTESIAN_POINT('Origin',(-1.17928932188135,1.6,0.05));
#2268=CARTESIAN_POINT('Origin',(1.8,-2.36553201269564E-16,0.0500000000000001));
#2269=CARTESIAN_POINT('Origin',(1.8,1.6,0.0500000000000001));
#2270=CARTESIAN_POINT('Origin',(1.8,-1.6,9.66354110258819E-17));
#2271=CARTESIAN_POINT('Origin',(1.8,-1.6,0.1));
#2272=CARTESIAN_POINT('Origin',(-3.5,-1.7,0.1));
#2273=CARTESIAN_POINT('Origin',(1.8,-1.7,0.1));
#2274=CARTESIAN_POINT('Origin',(-1.65,1.12928932188135,0.1));
#2275=CARTESIAN_POINT('Origin',(-1.72071067811866,1.2,0.1));
#2276=CARTESIAN_POINT('Origin',(-1.17928932188135,1.6,0.05));
#2277=CARTESIAN_POINT('Origin',(-1.17928932188135,1.6,0.05));
#2278=CARTESIAN_POINT('Origin',(1.8,1.6,0.0500000000000001));
#2279=CARTESIAN_POINT('Origin',(1.8,1.6,0.0500000000000001));
#2280=CARTESIAN_POINT('Origin',(1.8,-1.6,0.1));
#2281=CARTESIAN_POINT('Origin',(1.9,-1.6,0.1));
#2282=CARTESIAN_POINT('Origin',(-1.46035533905933,1.46035533905933,0.1));
#2283=CARTESIAN_POINT('Origin',(-1.25,1.67071067811866,0.1));
#2284=CARTESIAN_POINT('Origin',(-1.17928932188135,1.6,2.64147163466076E-17));
#2285=CARTESIAN_POINT('Origin',(-1.17928932188135,1.6,0.1));
#2286=CARTESIAN_POINT('Origin',(1.8,1.6,1.07241736626284E-16));
#2287=CARTESIAN_POINT('Origin',(1.8,1.6,0.1));
#2288=CARTESIAN_POINT('Origin',(1.9,-2.4969504578454E-16,0.1));
#2289=CARTESIAN_POINT('Origin',(1.9,1.6,0.1));
#2290=CARTESIAN_POINT('Origin',(-1.17928932188135,1.6,0.1));
#2291=CARTESIAN_POINT('Origin',(-1.17928932188135,1.7,0.1));
#2292=CARTESIAN_POINT('Origin',(1.8,1.6,0.1));
#2293=CARTESIAN_POINT('Origin',(1.8,1.7,0.1));
#2294=CARTESIAN_POINT('Origin',(2.39167262028692E-16,1.7,0.1));
#2295=CARTESIAN_POINT('Origin',(0.,-2.1,1.95));
#2296=CARTESIAN_POINT('Origin',(-3.45,-2.1,1.95));
#2297=CARTESIAN_POINT('Origin',(3.45,-2.1,1.95));
#2298=CARTESIAN_POINT('Origin',(-3.45,-2.1,1.95));
#2299=CARTESIAN_POINT('Origin',(-3.45,-2.1,1.95));
#2300=CARTESIAN_POINT('Origin',(-3.45,-2.1,1.95));
#2301=CARTESIAN_POINT('Origin',(3.45,-2.1,1.95));
#2302=CARTESIAN_POINT('Origin',(3.45,-2.1,1.95));
#2303=CARTESIAN_POINT('Origin',(3.45,-2.1,1.95));
#2304=CARTESIAN_POINT('Origin',(-3.45,0.,1.95));
#2305=CARTESIAN_POINT('Origin',(-3.45,2.1,1.95));
#2306=CARTESIAN_POINT('Origin',(-3.45,-2.1,2.));
#2307=CARTESIAN_POINT('Origin',(-3.45,-2.1,0.2));
#2308=CARTESIAN_POINT('Origin',(-3.5,-2.1,0.2));
#2309=CARTESIAN_POINT('Origin',(3.45,-2.1,0.2));
#2310=CARTESIAN_POINT('Origin',(-3.45,-2.1,0.2));
#2311=CARTESIAN_POINT('Origin',(3.45,-2.1,2.));
#2312=CARTESIAN_POINT('Origin',(3.45,-2.1,0.2));
#2313=CARTESIAN_POINT('Origin',(3.45,0.,1.95));
#2314=CARTESIAN_POINT('Origin',(3.45,2.1,1.95));
#2315=CARTESIAN_POINT('Origin',(0.,2.1,1.95));
#2316=CARTESIAN_POINT('Origin',(-3.45,2.1,1.95));
#2317=CARTESIAN_POINT('Origin',(3.45,2.1,1.95));
#2318=CARTESIAN_POINT('Origin',(-3.45,2.1,1.95));
#2319=CARTESIAN_POINT('Origin',(-3.45,2.1,1.95));
#2320=CARTESIAN_POINT('Origin',(-3.45,-2.1,0.2));
#2321=CARTESIAN_POINT('Origin',(-3.45,-2.1,0.2));
#2322=CARTESIAN_POINT('Origin',(3.45,-2.1,0.2));
#2323=CARTESIAN_POINT('Origin',(3.45,-2.1,0.2));
#2324=CARTESIAN_POINT('Origin',(3.45,2.1,1.95));
#2325=CARTESIAN_POINT('Origin',(3.45,2.1,1.95));
#2326=CARTESIAN_POINT('Origin',(-3.45,2.1,2.));
#2327=CARTESIAN_POINT('Origin',(-3.45,2.1,0.2));
#2328=CARTESIAN_POINT('Origin',(-3.45,-1.2,0.2));
#2329=CARTESIAN_POINT('Origin',(-3.45,2.1,0.2));
#2330=CARTESIAN_POINT('Origin',(3.45,-2.15,0.2));
#2331=CARTESIAN_POINT('Origin',(3.45,2.1,0.2));
#2332=CARTESIAN_POINT('Origin',(3.45,2.1,2.));
#2333=CARTESIAN_POINT('Origin',(3.45,2.1,0.2));
#2334=CARTESIAN_POINT('Origin',(-3.45,2.1,0.2));
#2335=CARTESIAN_POINT('Origin',(-3.45,2.1,0.2));
#2336=CARTESIAN_POINT('Origin',(3.45,2.1,0.2));
#2337=CARTESIAN_POINT('Origin',(3.45,2.1,0.2));
#2338=CARTESIAN_POINT('Origin',(-3.5,2.1,0.2));
#2339=CARTESIAN_POINT('',(0.,0.,0.));
#2340=CARTESIAN_POINT('Origin',(-3.,2.1,2.001));
#2341=CARTESIAN_POINT('',(-3.,2.1,2.));
#2342=CARTESIAN_POINT('',(-3.,-2.1,2.));
#2343=CARTESIAN_POINT('',(-3.,2.1,2.));
#2344=CARTESIAN_POINT('',(-3.,-2.1,2.001));
#2345=CARTESIAN_POINT('',(-3.,-2.1,2.001));
#2346=CARTESIAN_POINT('',(-3.,2.1,2.001));
#2347=CARTESIAN_POINT('',(-3.,2.1,2.001));
#2348=CARTESIAN_POINT('',(-3.,2.1,2.001));
#2349=CARTESIAN_POINT('Origin',(-3.,-2.1,2.001));
#2350=CARTESIAN_POINT('',(-2.5,-2.1,2.));
#2351=CARTESIAN_POINT('',(-3.,-2.1,2.));
#2352=CARTESIAN_POINT('',(-2.5,-2.1,2.001));
#2353=CARTESIAN_POINT('',(-2.5,-2.1,2.001));
#2354=CARTESIAN_POINT('',(-3.,-2.1,2.001));
#2355=CARTESIAN_POINT('Origin',(-2.5,2.1,2.001));
#2356=CARTESIAN_POINT('',(-2.5,2.1,2.));
#2357=CARTESIAN_POINT('',(-2.5,2.1,2.));
#2358=CARTESIAN_POINT('',(-2.5,2.1,2.001));
#2359=CARTESIAN_POINT('',(-2.5,2.1,2.001));
#2360=CARTESIAN_POINT('',(-2.5,2.1,2.001));
#2361=CARTESIAN_POINT('Origin',(-3.,2.1,2.001));
#2362=CARTESIAN_POINT('',(-3.,2.1,2.));
#2363=CARTESIAN_POINT('',(-3.,2.1,2.001));
#2364=CARTESIAN_POINT('Origin',(0.,0.,2.001));
#2365=CARTESIAN_POINT('Origin',(0.,0.,2.));
#2366=CARTESIAN_POINT('',(0.,0.,0.));
#2367=CARTESIAN_POINT('',(0.,0.,0.));
#2368=UNCERTAINTY_MEASURE_WITH_UNIT(LENGTH_MEASURE(0.01),#2376,
'DISTANCE_ACCURACY_VALUE',
'Maximum model space distance between geometric entities at asserted c
onnectivities');
#2369=UNCERTAINTY_MEASURE_WITH_UNIT(LENGTH_MEASURE(0.01),#2376,
'DISTANCE_ACCURACY_VALUE',
'Maximum model space distance between geometric entities at asserted c
onnectivities');
#2370=UNCERTAINTY_MEASURE_WITH_UNIT(LENGTH_MEASURE(0.01),#2376,
'DISTANCE_ACCURACY_VALUE',
'Maximum model space distance between geometric entities at asserted c
onnectivities');
#2371=UNCERTAINTY_MEASURE_WITH_UNIT(LENGTH_MEASURE(0.01),#2376,
'DISTANCE_ACCURACY_VALUE',
'Maximum model space distance between geometric entities at asserted c
onnectivities');
#2372=(
GEOMETRIC_REPRESENTATION_CONTEXT(3)
GLOBAL_UNCERTAINTY_ASSIGNED_CONTEXT((#2368))
GLOBAL_UNIT_ASSIGNED_CONTEXT((#2376,#2378,#2379))
REPRESENTATION_CONTEXT('','3D')
);
#2373=(
GEOMETRIC_REPRESENTATION_CONTEXT(3)
GLOBAL_UNCERTAINTY_ASSIGNED_CONTEXT((#2369))
GLOBAL_UNIT_ASSIGNED_CONTEXT((#2376,#2378,#2379))
REPRESENTATION_CONTEXT('','3D')
);
#2374=(
GEOMETRIC_REPRESENTATION_CONTEXT(3)
GLOBAL_UNCERTAINTY_ASSIGNED_CONTEXT((#2370))
GLOBAL_UNIT_ASSIGNED_CONTEXT((#2376,#2378,#2379))
REPRESENTATION_CONTEXT('','3D')
);
#2375=(
GEOMETRIC_REPRESENTATION_CONTEXT(3)
GLOBAL_UNCERTAINTY_ASSIGNED_CONTEXT((#2371))
GLOBAL_UNIT_ASSIGNED_CONTEXT((#2376,#2378,#2379))
REPRESENTATION_CONTEXT('','3D')
);
#2376=(
LENGTH_UNIT()
NAMED_UNIT(*)
SI_UNIT(.MILLI.,.METRE.)
);
#2377=(
LENGTH_UNIT()
NAMED_UNIT(*)
SI_UNIT(.CENTI.,.METRE.)
);
#2378=(
NAMED_UNIT(*)
PLANE_ANGLE_UNIT()
SI_UNIT($,.RADIAN.)
);
#2379=(
NAMED_UNIT(*)
SI_UNIT($,.STERADIAN.)
SOLID_ANGLE_UNIT()
);
#2380=SHAPE_DEFINITION_REPRESENTATION(#2383,#2388);
#2381=SHAPE_DEFINITION_REPRESENTATION(#2384,#2389);
#2382=SHAPE_DEFINITION_REPRESENTATION(#2385,#2390);
#2383=PRODUCT_DEFINITION_SHAPE('',$,#2392);
#2384=PRODUCT_DEFINITION_SHAPE('',$,#2393);
#2385=PRODUCT_DEFINITION_SHAPE('',$,#2394);
#2386=PRODUCT_DEFINITION_SHAPE($,$,#17);
#2387=PRODUCT_DEFINITION_SHAPE($,$,#18);
#2388=SHAPE_REPRESENTATION('',(#1390,#1554,#1555),#2372);
#2389=SHAPE_REPRESENTATION('',(#1391),#2373);
#2390=SHAPE_REPRESENTATION('',(#1547),#2374);
#2391=PRODUCT_DEFINITION_CONTEXT('part definition',#2402,'design');
#2392=PRODUCT_DEFINITION('Cap_ECASD40E337M006KA0_2917',
'Cap_ECASD40E337M006KA0_2917',#2395,#2391);
#2393=PRODUCT_DEFINITION('ECASD40E337M006KA0','ECASD40E337M006KA0',#2396,
#2391);
#2394=PRODUCT_DEFINITION('Marking','Marking',#2397,#2391);
#2395=PRODUCT_DEFINITION_FORMATION('ANY',$,#2404);
#2396=PRODUCT_DEFINITION_FORMATION('ANY',$,#2405);
#2397=PRODUCT_DEFINITION_FORMATION('ANY',$,#2406);
#2398=PRODUCT_RELATED_PRODUCT_CATEGORY('Cap_ECASD40E337M006KA0_2917',
'Cap_ECASD40E337M006KA0_2917',(#2404));
#2399=PRODUCT_RELATED_PRODUCT_CATEGORY('ECASD40E337M006KA0',
'ECASD40E337M006KA0',(#2405));
#2400=PRODUCT_RELATED_PRODUCT_CATEGORY('Marking','Marking',(#2406));
#2401=APPLICATION_PROTOCOL_DEFINITION('international standard',
'automotive_design',2009,#2402);
#2402=APPLICATION_CONTEXT(
'Core Data for Automotive Mechanical Design Process');
#2403=PRODUCT_CONTEXT('part definition',#2402,'mechanical');
#2404=PRODUCT('Cap_ECASD40E337M006KA0_2917',
'Cap_ECASD40E337M006KA0_2917','STEP AP214',(#2403));
#2405=PRODUCT('ECASD40E337M006KA0','ECASD40E337M006KA0',$,(#2403));
#2406=PRODUCT('Marking','Marking',$,(#2403));
ENDSEC;
END-ISO-10303-21;
