ISO-10303-21;
HEADER;
/* Generated by software containing ST-Developer
 * from STEP Tools, Inc. (www.steptools.com) 
 */
/* OPTION: strings as raw bytes, not using required /X/ escapes */

FILE_DESCRIPTION(
/* description */ ('Unknown'),
/* implementation_level */ '2;1');

FILE_NAME(
/* name */ 'MCG6D0N03YL-TP',
/* time_stamp */ '2025-04-01T14:44:44+02:00',
/* author */ ('Unknown'),
/* organization */ ('Unknown'),
/* preprocessor_version */ 'ST-DEVELOPER v19.4',
/* originating_system */ 'Solid Edge',
/* authorisation */ 'Unknown');

FILE_SCHEMA (('AUTOMOTIVE_DESIGN {1 0 10303 214 3 1 1}'));
ENDSEC;

DATA;
#10=PROPERTY_DEFINITION_REPRESENTATION(#14,#12);
#11=PROPERTY_DEFINITION_REPRESENTATION(#15,#13);
#12=REPRESENTATION('',(#16),#2789);
#13=REPRESENTATION('',(#17),#2789);
#14=PROPERTY_DEFINITION('pmi validation property','',#2794);
#15=PROPERTY_DEFINITION('pmi validation property','',#2794);
#16=VALUE_REPRESENTATION_ITEM('number of annotations',COUNT_MEASURE(0.));
#17=VALUE_REPRESENTATION_ITEM('number of views',COUNT_MEASURE(0.));
#18=SHAPE_REPRESENTATION_RELATIONSHIP('','',#1927,#19);
#19=ADVANCED_BREP_SHAPE_REPRESENTATION('',(#1925),#2789);
#20=SPHERICAL_SURFACE('',#1951,0.15);
#21=SPHERICAL_SURFACE('',#1962,0.15);
#22=SPHERICAL_SURFACE('',#1964,0.15);
#23=SPHERICAL_SURFACE('',#1970,0.15);
#24=CIRCLE('',#1950,0.15);
#25=CIRCLE('',#1952,0.15);
#26=CIRCLE('',#1953,0.15);
#27=CIRCLE('',#1955,0.15);
#28=CIRCLE('',#1957,0.15);
#29=CIRCLE('',#1959,0.15);
#30=CIRCLE('',#1961,0.15);
#31=CIRCLE('',#1963,0.15);
#32=CIRCLE('',#1965,0.15);
#33=CIRCLE('',#1967,0.15);
#34=CIRCLE('',#1969,0.15);
#35=CIRCLE('',#1971,0.15);
#36=CYLINDRICAL_SURFACE('',#1949,0.15);
#37=CYLINDRICAL_SURFACE('',#1954,0.15);
#38=CYLINDRICAL_SURFACE('',#1956,0.15);
#39=CYLINDRICAL_SURFACE('',#1958,0.15);
#40=CYLINDRICAL_SURFACE('',#1960,0.15);
#41=CYLINDRICAL_SURFACE('',#1966,0.15);
#42=CYLINDRICAL_SURFACE('',#1968,0.15);
#43=CYLINDRICAL_SURFACE('',#1972,0.15);
#44=ELLIPSE('',#1932,0.152244612968162,0.15);
#45=ELLIPSE('',#1934,0.152244612968162,0.15);
#46=ELLIPSE('',#1935,0.152244612968162,0.15);
#47=ELLIPSE('',#1941,0.152244612968162,0.15);
#48=ORIENTED_EDGE('',*,*,#460,.T.);
#49=ORIENTED_EDGE('',*,*,#461,.T.);
#50=ORIENTED_EDGE('',*,*,#462,.F.);
#51=ORIENTED_EDGE('',*,*,#463,.T.);
#52=ORIENTED_EDGE('',*,*,#464,.T.);
#53=ORIENTED_EDGE('',*,*,#465,.T.);
#54=ORIENTED_EDGE('',*,*,#466,.F.);
#55=ORIENTED_EDGE('',*,*,#467,.T.);
#56=ORIENTED_EDGE('',*,*,#468,.T.);
#57=ORIENTED_EDGE('',*,*,#469,.F.);
#58=ORIENTED_EDGE('',*,*,#470,.T.);
#59=ORIENTED_EDGE('',*,*,#471,.F.);
#60=ORIENTED_EDGE('',*,*,#472,.T.);
#61=ORIENTED_EDGE('',*,*,#473,.F.);
#62=ORIENTED_EDGE('',*,*,#474,.T.);
#63=ORIENTED_EDGE('',*,*,#475,.F.);
#64=ORIENTED_EDGE('',*,*,#476,.T.);
#65=ORIENTED_EDGE('',*,*,#477,.T.);
#66=ORIENTED_EDGE('',*,*,#478,.T.);
#67=ORIENTED_EDGE('',*,*,#479,.T.);
#68=ORIENTED_EDGE('',*,*,#480,.F.);
#69=ORIENTED_EDGE('',*,*,#481,.T.);
#70=ORIENTED_EDGE('',*,*,#482,.T.);
#71=ORIENTED_EDGE('',*,*,#483,.T.);
#72=ORIENTED_EDGE('',*,*,#484,.T.);
#73=ORIENTED_EDGE('',*,*,#485,.T.);
#74=ORIENTED_EDGE('',*,*,#486,.T.);
#75=ORIENTED_EDGE('',*,*,#487,.T.);
#76=ORIENTED_EDGE('',*,*,#488,.F.);
#77=ORIENTED_EDGE('',*,*,#489,.T.);
#78=ORIENTED_EDGE('',*,*,#490,.T.);
#79=ORIENTED_EDGE('',*,*,#491,.T.);
#80=ORIENTED_EDGE('',*,*,#492,.F.);
#81=ORIENTED_EDGE('',*,*,#493,.T.);
#82=ORIENTED_EDGE('',*,*,#494,.T.);
#83=ORIENTED_EDGE('',*,*,#495,.T.);
#84=ORIENTED_EDGE('',*,*,#496,.F.);
#85=ORIENTED_EDGE('',*,*,#497,.F.);
#86=ORIENTED_EDGE('',*,*,#498,.F.);
#87=ORIENTED_EDGE('',*,*,#499,.T.);
#88=ORIENTED_EDGE('',*,*,#500,.T.);
#89=ORIENTED_EDGE('',*,*,#501,.T.);
#90=ORIENTED_EDGE('',*,*,#502,.F.);
#91=ORIENTED_EDGE('',*,*,#503,.F.);
#92=ORIENTED_EDGE('',*,*,#504,.T.);
#93=ORIENTED_EDGE('',*,*,#505,.T.);
#94=ORIENTED_EDGE('',*,*,#506,.F.);
#95=ORIENTED_EDGE('',*,*,#507,.F.);
#96=ORIENTED_EDGE('',*,*,#508,.T.);
#97=ORIENTED_EDGE('',*,*,#509,.T.);
#98=ORIENTED_EDGE('',*,*,#510,.T.);
#99=ORIENTED_EDGE('',*,*,#511,.T.);
#100=ORIENTED_EDGE('',*,*,#512,.T.);
#101=ORIENTED_EDGE('',*,*,#513,.F.);
#102=ORIENTED_EDGE('',*,*,#514,.T.);
#103=ORIENTED_EDGE('',*,*,#515,.T.);
#104=ORIENTED_EDGE('',*,*,#516,.F.);
#105=ORIENTED_EDGE('',*,*,#517,.F.);
#106=ORIENTED_EDGE('',*,*,#518,.T.);
#107=ORIENTED_EDGE('',*,*,#519,.T.);
#108=ORIENTED_EDGE('',*,*,#520,.T.);
#109=ORIENTED_EDGE('',*,*,#521,.T.);
#110=ORIENTED_EDGE('',*,*,#522,.T.);
#111=ORIENTED_EDGE('',*,*,#523,.F.);
#112=ORIENTED_EDGE('',*,*,#524,.F.);
#113=ORIENTED_EDGE('',*,*,#525,.F.);
#114=ORIENTED_EDGE('',*,*,#526,.F.);
#115=ORIENTED_EDGE('',*,*,#527,.T.);
#116=ORIENTED_EDGE('',*,*,#528,.T.);
#117=ORIENTED_EDGE('',*,*,#529,.T.);
#118=ORIENTED_EDGE('',*,*,#530,.T.);
#119=ORIENTED_EDGE('',*,*,#531,.F.);
#120=ORIENTED_EDGE('',*,*,#532,.F.);
#121=ORIENTED_EDGE('',*,*,#533,.T.);
#122=ORIENTED_EDGE('',*,*,#534,.T.);
#123=ORIENTED_EDGE('',*,*,#535,.T.);
#124=ORIENTED_EDGE('',*,*,#484,.F.);
#125=ORIENTED_EDGE('',*,*,#536,.F.);
#126=ORIENTED_EDGE('',*,*,#537,.T.);
#127=ORIENTED_EDGE('',*,*,#538,.F.);
#128=ORIENTED_EDGE('',*,*,#488,.T.);
#129=ORIENTED_EDGE('',*,*,#487,.F.);
#130=ORIENTED_EDGE('',*,*,#486,.F.);
#131=ORIENTED_EDGE('',*,*,#485,.F.);
#132=ORIENTED_EDGE('',*,*,#472,.F.);
#133=ORIENTED_EDGE('',*,*,#539,.T.);
#134=ORIENTED_EDGE('',*,*,#540,.T.);
#135=ORIENTED_EDGE('',*,*,#541,.T.);
#136=ORIENTED_EDGE('',*,*,#468,.F.);
#137=ORIENTED_EDGE('',*,*,#542,.F.);
#138=ORIENTED_EDGE('',*,*,#543,.F.);
#139=ORIENTED_EDGE('',*,*,#544,.F.);
#140=ORIENTED_EDGE('',*,*,#464,.F.);
#141=ORIENTED_EDGE('',*,*,#545,.F.);
#142=ORIENTED_EDGE('',*,*,#546,.F.);
#143=ORIENTED_EDGE('',*,*,#547,.F.);
#144=ORIENTED_EDGE('',*,*,#460,.F.);
#145=ORIENTED_EDGE('',*,*,#548,.T.);
#146=ORIENTED_EDGE('',*,*,#549,.F.);
#147=ORIENTED_EDGE('',*,*,#480,.T.);
#148=ORIENTED_EDGE('',*,*,#535,.F.);
#149=ORIENTED_EDGE('',*,*,#534,.F.);
#150=ORIENTED_EDGE('',*,*,#533,.F.);
#151=ORIENTED_EDGE('',*,*,#532,.T.);
#152=ORIENTED_EDGE('',*,*,#531,.T.);
#153=ORIENTED_EDGE('',*,*,#530,.F.);
#154=ORIENTED_EDGE('',*,*,#550,.F.);
#155=ORIENTED_EDGE('',*,*,#551,.T.);
#156=ORIENTED_EDGE('',*,*,#476,.F.);
#157=ORIENTED_EDGE('',*,*,#552,.T.);
#158=ORIENTED_EDGE('',*,*,#553,.T.);
#159=ORIENTED_EDGE('',*,*,#554,.T.);
#160=ORIENTED_EDGE('',*,*,#545,.T.);
#161=ORIENTED_EDGE('',*,*,#555,.T.);
#162=ORIENTED_EDGE('',*,*,#556,.T.);
#163=ORIENTED_EDGE('',*,*,#557,.T.);
#164=ORIENTED_EDGE('',*,*,#547,.T.);
#165=ORIENTED_EDGE('',*,*,#546,.T.);
#166=ORIENTED_EDGE('',*,*,#542,.T.);
#167=ORIENTED_EDGE('',*,*,#558,.T.);
#168=ORIENTED_EDGE('',*,*,#559,.T.);
#169=ORIENTED_EDGE('',*,*,#560,.T.);
#170=ORIENTED_EDGE('',*,*,#544,.T.);
#171=ORIENTED_EDGE('',*,*,#543,.T.);
#172=ORIENTED_EDGE('',*,*,#503,.T.);
#173=ORIENTED_EDGE('',*,*,#502,.T.);
#174=ORIENTED_EDGE('',*,*,#561,.F.);
#175=ORIENTED_EDGE('',*,*,#508,.F.);
#176=ORIENTED_EDGE('',*,*,#507,.T.);
#177=ORIENTED_EDGE('',*,*,#506,.T.);
#178=ORIENTED_EDGE('',*,*,#505,.F.);
#179=ORIENTED_EDGE('',*,*,#504,.F.);
#180=ORIENTED_EDGE('',*,*,#518,.F.);
#181=ORIENTED_EDGE('',*,*,#517,.T.);
#182=ORIENTED_EDGE('',*,*,#516,.T.);
#183=ORIENTED_EDGE('',*,*,#515,.F.);
#184=ORIENTED_EDGE('',*,*,#514,.F.);
#185=ORIENTED_EDGE('',*,*,#513,.T.);
#186=ORIENTED_EDGE('',*,*,#512,.F.);
#187=ORIENTED_EDGE('',*,*,#562,.F.);
#188=ORIENTED_EDGE('',*,*,#522,.F.);
#189=ORIENTED_EDGE('',*,*,#563,.F.);
#190=ORIENTED_EDGE('',*,*,#564,.T.);
#191=ORIENTED_EDGE('',*,*,#565,.F.);
#192=ORIENTED_EDGE('',*,*,#526,.T.);
#193=ORIENTED_EDGE('',*,*,#525,.T.);
#194=ORIENTED_EDGE('',*,*,#524,.T.);
#195=ORIENTED_EDGE('',*,*,#523,.T.);
#196=ORIENTED_EDGE('',*,*,#493,.F.);
#197=ORIENTED_EDGE('',*,*,#492,.T.);
#198=ORIENTED_EDGE('',*,*,#566,.F.);
#199=ORIENTED_EDGE('',*,*,#498,.T.);
#200=ORIENTED_EDGE('',*,*,#497,.T.);
#201=ORIENTED_EDGE('',*,*,#496,.T.);
#202=ORIENTED_EDGE('',*,*,#495,.F.);
#203=ORIENTED_EDGE('',*,*,#494,.F.);
#204=ORIENTED_EDGE('',*,*,#539,.F.);
#205=ORIENTED_EDGE('',*,*,#567,.F.);
#206=ORIENTED_EDGE('',*,*,#568,.F.);
#207=ORIENTED_EDGE('',*,*,#569,.F.);
#208=ORIENTED_EDGE('',*,*,#541,.F.);
#209=ORIENTED_EDGE('',*,*,#540,.F.);
#210=ORIENTED_EDGE('',*,*,#570,.T.);
#211=ORIENTED_EDGE('',*,*,#571,.T.);
#212=ORIENTED_EDGE('',*,*,#538,.T.);
#213=ORIENTED_EDGE('',*,*,#572,.T.);
#214=ORIENTED_EDGE('',*,*,#573,.T.);
#215=ORIENTED_EDGE('',*,*,#574,.T.);
#216=ORIENTED_EDGE('',*,*,#563,.T.);
#217=ORIENTED_EDGE('',*,*,#575,.T.);
#218=ORIENTED_EDGE('',*,*,#576,.T.);
#219=ORIENTED_EDGE('',*,*,#577,.T.);
#220=ORIENTED_EDGE('',*,*,#562,.T.);
#221=ORIENTED_EDGE('',*,*,#578,.T.);
#222=ORIENTED_EDGE('',*,*,#579,.T.);
#223=ORIENTED_EDGE('',*,*,#580,.T.);
#224=ORIENTED_EDGE('',*,*,#561,.T.);
#225=ORIENTED_EDGE('',*,*,#581,.T.);
#226=ORIENTED_EDGE('',*,*,#582,.T.);
#227=ORIENTED_EDGE('',*,*,#583,.T.);
#228=ORIENTED_EDGE('',*,*,#566,.T.);
#229=ORIENTED_EDGE('',*,*,#584,.T.);
#230=ORIENTED_EDGE('',*,*,#536,.T.);
#231=ORIENTED_EDGE('',*,*,#585,.T.);
#232=ORIENTED_EDGE('',*,*,#586,.T.);
#233=ORIENTED_EDGE('',*,*,#587,.T.);
#234=ORIENTED_EDGE('',*,*,#549,.T.);
#235=ORIENTED_EDGE('',*,*,#588,.T.);
#236=ORIENTED_EDGE('',*,*,#589,.T.);
#237=ORIENTED_EDGE('',*,*,#590,.T.);
#238=ORIENTED_EDGE('',*,*,#591,.T.);
#239=ORIENTED_EDGE('',*,*,#592,.T.);
#240=ORIENTED_EDGE('',*,*,#565,.T.);
#241=ORIENTED_EDGE('',*,*,#593,.T.);
#242=ORIENTED_EDGE('',*,*,#594,.T.);
#243=ORIENTED_EDGE('',*,*,#595,.T.);
#244=ORIENTED_EDGE('',*,*,#550,.T.);
#245=ORIENTED_EDGE('',*,*,#596,.T.);
#246=ORIENTED_EDGE('',*,*,#597,.T.);
#247=ORIENTED_EDGE('',*,*,#598,.T.);
#248=ORIENTED_EDGE('',*,*,#599,.T.);
#249=ORIENTED_EDGE('',*,*,#600,.T.);
#250=ORIENTED_EDGE('',*,*,#554,.F.);
#251=ORIENTED_EDGE('',*,*,#553,.F.);
#252=ORIENTED_EDGE('',*,*,#552,.F.);
#253=ORIENTED_EDGE('',*,*,#601,.F.);
#254=ORIENTED_EDGE('',*,*,#602,.F.);
#255=ORIENTED_EDGE('',*,*,#603,.F.);
#256=ORIENTED_EDGE('',*,*,#604,.F.);
#257=ORIENTED_EDGE('',*,*,#572,.F.);
#258=ORIENTED_EDGE('',*,*,#537,.F.);
#259=ORIENTED_EDGE('',*,*,#590,.F.);
#260=ORIENTED_EDGE('',*,*,#605,.F.);
#261=ORIENTED_EDGE('',*,*,#604,.T.);
#262=ORIENTED_EDGE('',*,*,#606,.F.);
#263=ORIENTED_EDGE('',*,*,#548,.F.);
#264=ORIENTED_EDGE('',*,*,#479,.F.);
#265=ORIENTED_EDGE('',*,*,#607,.F.);
#266=ORIENTED_EDGE('',*,*,#588,.F.);
#267=ORIENTED_EDGE('',*,*,#606,.T.);
#268=ORIENTED_EDGE('',*,*,#589,.F.);
#269=ORIENTED_EDGE('',*,*,#608,.F.);
#270=ORIENTED_EDGE('',*,*,#600,.F.);
#271=ORIENTED_EDGE('',*,*,#605,.T.);
#272=ORIENTED_EDGE('',*,*,#599,.F.);
#273=ORIENTED_EDGE('',*,*,#609,.F.);
#274=ORIENTED_EDGE('',*,*,#573,.F.);
#275=ORIENTED_EDGE('',*,*,#564,.F.);
#276=ORIENTED_EDGE('',*,*,#574,.F.);
#277=ORIENTED_EDGE('',*,*,#610,.F.);
#278=ORIENTED_EDGE('',*,*,#593,.F.);
#279=ORIENTED_EDGE('',*,*,#608,.T.);
#280=ORIENTED_EDGE('',*,*,#607,.T.);
#281=ORIENTED_EDGE('',*,*,#611,.F.);
#282=ORIENTED_EDGE('',*,*,#610,.T.);
#283=ORIENTED_EDGE('',*,*,#609,.T.);
#284=ORIENTED_EDGE('',*,*,#612,.F.);
#285=ORIENTED_EDGE('',*,*,#611,.T.);
#286=ORIENTED_EDGE('',*,*,#478,.F.);
#287=ORIENTED_EDGE('',*,*,#613,.F.);
#288=ORIENTED_EDGE('',*,*,#597,.F.);
#289=ORIENTED_EDGE('',*,*,#612,.T.);
#290=ORIENTED_EDGE('',*,*,#598,.F.);
#291=ORIENTED_EDGE('',*,*,#614,.F.);
#292=ORIENTED_EDGE('',*,*,#594,.F.);
#293=ORIENTED_EDGE('',*,*,#614,.T.);
#294=ORIENTED_EDGE('',*,*,#613,.T.);
#295=ORIENTED_EDGE('',*,*,#615,.F.);
#296=ORIENTED_EDGE('',*,*,#615,.T.);
#297=ORIENTED_EDGE('',*,*,#477,.F.);
#298=ORIENTED_EDGE('',*,*,#551,.F.);
#299=ORIENTED_EDGE('',*,*,#595,.F.);
#300=ORIENTED_EDGE('',*,*,#528,.F.);
#301=ORIENTED_EDGE('',*,*,#616,.F.);
#302=ORIENTED_EDGE('',*,*,#617,.T.);
#303=ORIENTED_EDGE('',*,*,#618,.T.);
#304=ORIENTED_EDGE('',*,*,#592,.F.);
#305=ORIENTED_EDGE('',*,*,#619,.T.);
#306=ORIENTED_EDGE('',*,*,#616,.T.);
#307=ORIENTED_EDGE('',*,*,#527,.F.);
#308=ORIENTED_EDGE('',*,*,#596,.F.);
#309=ORIENTED_EDGE('',*,*,#529,.F.);
#310=ORIENTED_EDGE('',*,*,#618,.F.);
#311=ORIENTED_EDGE('',*,*,#620,.T.);
#312=ORIENTED_EDGE('',*,*,#591,.F.);
#313=ORIENTED_EDGE('',*,*,#620,.F.);
#314=ORIENTED_EDGE('',*,*,#617,.F.);
#315=ORIENTED_EDGE('',*,*,#619,.F.);
#316=ORIENTED_EDGE('',*,*,#470,.F.);
#317=ORIENTED_EDGE('',*,*,#621,.T.);
#318=ORIENTED_EDGE('',*,*,#622,.T.);
#319=ORIENTED_EDGE('',*,*,#623,.T.);
#320=ORIENTED_EDGE('',*,*,#567,.T.);
#321=ORIENTED_EDGE('',*,*,#471,.T.);
#322=ORIENTED_EDGE('',*,*,#623,.F.);
#323=ORIENTED_EDGE('',*,*,#624,.T.);
#324=ORIENTED_EDGE('',*,*,#621,.F.);
#325=ORIENTED_EDGE('',*,*,#469,.T.);
#326=ORIENTED_EDGE('',*,*,#569,.T.);
#327=ORIENTED_EDGE('',*,*,#625,.F.);
#328=ORIENTED_EDGE('',*,*,#568,.T.);
#329=ORIENTED_EDGE('',*,*,#624,.F.);
#330=ORIENTED_EDGE('',*,*,#622,.F.);
#331=ORIENTED_EDGE('',*,*,#625,.T.);
#332=ORIENTED_EDGE('',*,*,#474,.F.);
#333=ORIENTED_EDGE('',*,*,#626,.T.);
#334=ORIENTED_EDGE('',*,*,#627,.T.);
#335=ORIENTED_EDGE('',*,*,#628,.T.);
#336=ORIENTED_EDGE('',*,*,#626,.F.);
#337=ORIENTED_EDGE('',*,*,#473,.T.);
#338=ORIENTED_EDGE('',*,*,#603,.T.);
#339=ORIENTED_EDGE('',*,*,#629,.F.);
#340=ORIENTED_EDGE('',*,*,#601,.T.);
#341=ORIENTED_EDGE('',*,*,#475,.T.);
#342=ORIENTED_EDGE('',*,*,#628,.F.);
#343=ORIENTED_EDGE('',*,*,#630,.T.);
#344=ORIENTED_EDGE('',*,*,#602,.T.);
#345=ORIENTED_EDGE('',*,*,#630,.F.);
#346=ORIENTED_EDGE('',*,*,#627,.F.);
#347=ORIENTED_EDGE('',*,*,#629,.T.);
#348=ORIENTED_EDGE('',*,*,#631,.F.);
#349=ORIENTED_EDGE('',*,*,#466,.T.);
#350=ORIENTED_EDGE('',*,*,#632,.F.);
#351=ORIENTED_EDGE('',*,*,#633,.F.);
#352=ORIENTED_EDGE('',*,*,#465,.F.);
#353=ORIENTED_EDGE('',*,*,#560,.F.);
#354=ORIENTED_EDGE('',*,*,#634,.F.);
#355=ORIENTED_EDGE('',*,*,#632,.T.);
#356=ORIENTED_EDGE('',*,*,#467,.F.);
#357=ORIENTED_EDGE('',*,*,#631,.T.);
#358=ORIENTED_EDGE('',*,*,#635,.T.);
#359=ORIENTED_EDGE('',*,*,#558,.F.);
#360=ORIENTED_EDGE('',*,*,#559,.F.);
#361=ORIENTED_EDGE('',*,*,#635,.F.);
#362=ORIENTED_EDGE('',*,*,#633,.T.);
#363=ORIENTED_EDGE('',*,*,#634,.T.);
#364=ORIENTED_EDGE('',*,*,#636,.F.);
#365=ORIENTED_EDGE('',*,*,#462,.T.);
#366=ORIENTED_EDGE('',*,*,#637,.F.);
#367=ORIENTED_EDGE('',*,*,#638,.F.);
#368=ORIENTED_EDGE('',*,*,#461,.F.);
#369=ORIENTED_EDGE('',*,*,#557,.F.);
#370=ORIENTED_EDGE('',*,*,#639,.F.);
#371=ORIENTED_EDGE('',*,*,#637,.T.);
#372=ORIENTED_EDGE('',*,*,#463,.F.);
#373=ORIENTED_EDGE('',*,*,#636,.T.);
#374=ORIENTED_EDGE('',*,*,#640,.T.);
#375=ORIENTED_EDGE('',*,*,#555,.F.);
#376=ORIENTED_EDGE('',*,*,#556,.F.);
#377=ORIENTED_EDGE('',*,*,#640,.F.);
#378=ORIENTED_EDGE('',*,*,#638,.T.);
#379=ORIENTED_EDGE('',*,*,#639,.T.);
#380=ORIENTED_EDGE('',*,*,#482,.F.);
#381=ORIENTED_EDGE('',*,*,#641,.F.);
#382=ORIENTED_EDGE('',*,*,#642,.T.);
#383=ORIENTED_EDGE('',*,*,#643,.T.);
#384=ORIENTED_EDGE('',*,*,#587,.F.);
#385=ORIENTED_EDGE('',*,*,#644,.T.);
#386=ORIENTED_EDGE('',*,*,#641,.T.);
#387=ORIENTED_EDGE('',*,*,#481,.F.);
#388=ORIENTED_EDGE('',*,*,#585,.F.);
#389=ORIENTED_EDGE('',*,*,#483,.F.);
#390=ORIENTED_EDGE('',*,*,#643,.F.);
#391=ORIENTED_EDGE('',*,*,#645,.T.);
#392=ORIENTED_EDGE('',*,*,#586,.F.);
#393=ORIENTED_EDGE('',*,*,#645,.F.);
#394=ORIENTED_EDGE('',*,*,#642,.F.);
#395=ORIENTED_EDGE('',*,*,#644,.F.);
#396=ORIENTED_EDGE('',*,*,#520,.F.);
#397=ORIENTED_EDGE('',*,*,#646,.F.);
#398=ORIENTED_EDGE('',*,*,#647,.T.);
#399=ORIENTED_EDGE('',*,*,#648,.T.);
#400=ORIENTED_EDGE('',*,*,#577,.F.);
#401=ORIENTED_EDGE('',*,*,#649,.T.);
#402=ORIENTED_EDGE('',*,*,#646,.T.);
#403=ORIENTED_EDGE('',*,*,#519,.F.);
#404=ORIENTED_EDGE('',*,*,#575,.F.);
#405=ORIENTED_EDGE('',*,*,#521,.F.);
#406=ORIENTED_EDGE('',*,*,#648,.F.);
#407=ORIENTED_EDGE('',*,*,#650,.T.);
#408=ORIENTED_EDGE('',*,*,#576,.F.);
#409=ORIENTED_EDGE('',*,*,#650,.F.);
#410=ORIENTED_EDGE('',*,*,#647,.F.);
#411=ORIENTED_EDGE('',*,*,#649,.F.);
#412=ORIENTED_EDGE('',*,*,#510,.F.);
#413=ORIENTED_EDGE('',*,*,#651,.F.);
#414=ORIENTED_EDGE('',*,*,#652,.T.);
#415=ORIENTED_EDGE('',*,*,#653,.T.);
#416=ORIENTED_EDGE('',*,*,#580,.F.);
#417=ORIENTED_EDGE('',*,*,#654,.T.);
#418=ORIENTED_EDGE('',*,*,#651,.T.);
#419=ORIENTED_EDGE('',*,*,#509,.F.);
#420=ORIENTED_EDGE('',*,*,#578,.F.);
#421=ORIENTED_EDGE('',*,*,#511,.F.);
#422=ORIENTED_EDGE('',*,*,#653,.F.);
#423=ORIENTED_EDGE('',*,*,#655,.T.);
#424=ORIENTED_EDGE('',*,*,#579,.F.);
#425=ORIENTED_EDGE('',*,*,#655,.F.);
#426=ORIENTED_EDGE('',*,*,#652,.F.);
#427=ORIENTED_EDGE('',*,*,#654,.F.);
#428=ORIENTED_EDGE('',*,*,#500,.F.);
#429=ORIENTED_EDGE('',*,*,#656,.F.);
#430=ORIENTED_EDGE('',*,*,#657,.T.);
#431=ORIENTED_EDGE('',*,*,#658,.T.);
#432=ORIENTED_EDGE('',*,*,#583,.F.);
#433=ORIENTED_EDGE('',*,*,#659,.T.);
#434=ORIENTED_EDGE('',*,*,#656,.T.);
#435=ORIENTED_EDGE('',*,*,#499,.F.);
#436=ORIENTED_EDGE('',*,*,#581,.F.);
#437=ORIENTED_EDGE('',*,*,#501,.F.);
#438=ORIENTED_EDGE('',*,*,#658,.F.);
#439=ORIENTED_EDGE('',*,*,#660,.T.);
#440=ORIENTED_EDGE('',*,*,#582,.F.);
#441=ORIENTED_EDGE('',*,*,#660,.F.);
#442=ORIENTED_EDGE('',*,*,#657,.F.);
#443=ORIENTED_EDGE('',*,*,#659,.F.);
#444=ORIENTED_EDGE('',*,*,#571,.F.);
#445=ORIENTED_EDGE('',*,*,#661,.T.);
#446=ORIENTED_EDGE('',*,*,#662,.T.);
#447=ORIENTED_EDGE('',*,*,#489,.F.);
#448=ORIENTED_EDGE('',*,*,#584,.F.);
#449=ORIENTED_EDGE('',*,*,#491,.F.);
#450=ORIENTED_EDGE('',*,*,#663,.F.);
#451=ORIENTED_EDGE('',*,*,#664,.T.);
#452=ORIENTED_EDGE('',*,*,#570,.F.);
#453=ORIENTED_EDGE('',*,*,#664,.F.);
#454=ORIENTED_EDGE('',*,*,#665,.F.);
#455=ORIENTED_EDGE('',*,*,#661,.F.);
#456=ORIENTED_EDGE('',*,*,#490,.F.);
#457=ORIENTED_EDGE('',*,*,#662,.F.);
#458=ORIENTED_EDGE('',*,*,#665,.T.);
#459=ORIENTED_EDGE('',*,*,#663,.T.);
#460=EDGE_CURVE('',#666,#667,#806,.F.);
#461=EDGE_CURVE('',#667,#668,#807,.F.);
#462=EDGE_CURVE('',#669,#668,#808,.F.);
#463=EDGE_CURVE('',#669,#670,#809,.F.);
#464=EDGE_CURVE('',#670,#671,#810,.F.);
#465=EDGE_CURVE('',#671,#672,#811,.F.);
#466=EDGE_CURVE('',#673,#672,#812,.F.);
#467=EDGE_CURVE('',#673,#674,#813,.F.);
#468=EDGE_CURVE('',#674,#675,#814,.F.);
#469=EDGE_CURVE('',#676,#675,#815,.F.);
#470=EDGE_CURVE('',#676,#677,#816,.F.);
#471=EDGE_CURVE('',#678,#677,#817,.F.);
#472=EDGE_CURVE('',#678,#679,#818,.F.);
#473=EDGE_CURVE('',#680,#679,#819,.F.);
#474=EDGE_CURVE('',#680,#681,#820,.F.);
#475=EDGE_CURVE('',#682,#681,#821,.F.);
#476=EDGE_CURVE('',#682,#683,#822,.F.);
#477=EDGE_CURVE('',#683,#684,#823,.T.);
#478=EDGE_CURVE('',#684,#685,#824,.F.);
#479=EDGE_CURVE('',#685,#666,#825,.F.);
#480=EDGE_CURVE('',#686,#687,#826,.T.);
#481=EDGE_CURVE('',#686,#688,#827,.T.);
#482=EDGE_CURVE('',#688,#689,#828,.T.);
#483=EDGE_CURVE('',#689,#690,#829,.T.);
#484=EDGE_CURVE('',#690,#691,#830,.T.);
#485=EDGE_CURVE('',#691,#692,#831,.T.);
#486=EDGE_CURVE('',#692,#693,#832,.T.);
#487=EDGE_CURVE('',#693,#694,#833,.T.);
#488=EDGE_CURVE('',#695,#694,#834,.T.);
#489=EDGE_CURVE('',#695,#696,#835,.T.);
#490=EDGE_CURVE('',#696,#697,#836,.T.);
#491=EDGE_CURVE('',#697,#698,#837,.T.);
#492=EDGE_CURVE('',#699,#698,#838,.T.);
#493=EDGE_CURVE('',#699,#700,#839,.T.);
#494=EDGE_CURVE('',#700,#701,#840,.T.);
#495=EDGE_CURVE('',#701,#702,#841,.T.);
#496=EDGE_CURVE('',#703,#702,#842,.T.);
#497=EDGE_CURVE('',#704,#703,#843,.T.);
#498=EDGE_CURVE('',#705,#704,#844,.T.);
#499=EDGE_CURVE('',#705,#706,#845,.T.);
#500=EDGE_CURVE('',#706,#707,#846,.T.);
#501=EDGE_CURVE('',#707,#708,#847,.T.);
#502=EDGE_CURVE('',#709,#708,#848,.T.);
#503=EDGE_CURVE('',#710,#709,#849,.T.);
#504=EDGE_CURVE('',#710,#711,#850,.T.);
#505=EDGE_CURVE('',#711,#712,#851,.T.);
#506=EDGE_CURVE('',#713,#712,#852,.T.);
#507=EDGE_CURVE('',#714,#713,#853,.T.);
#508=EDGE_CURVE('',#714,#715,#854,.T.);
#509=EDGE_CURVE('',#715,#716,#855,.T.);
#510=EDGE_CURVE('',#716,#717,#856,.T.);
#511=EDGE_CURVE('',#717,#718,#857,.T.);
#512=EDGE_CURVE('',#718,#719,#858,.T.);
#513=EDGE_CURVE('',#720,#719,#859,.T.);
#514=EDGE_CURVE('',#720,#721,#860,.T.);
#515=EDGE_CURVE('',#721,#722,#861,.T.);
#516=EDGE_CURVE('',#723,#722,#862,.T.);
#517=EDGE_CURVE('',#724,#723,#863,.T.);
#518=EDGE_CURVE('',#724,#725,#864,.T.);
#519=EDGE_CURVE('',#725,#726,#865,.T.);
#520=EDGE_CURVE('',#726,#727,#866,.T.);
#521=EDGE_CURVE('',#727,#728,#867,.T.);
#522=EDGE_CURVE('',#728,#729,#868,.T.);
#523=EDGE_CURVE('',#730,#729,#869,.T.);
#524=EDGE_CURVE('',#731,#730,#870,.T.);
#525=EDGE_CURVE('',#732,#731,#871,.T.);
#526=EDGE_CURVE('',#733,#732,#872,.T.);
#527=EDGE_CURVE('',#733,#734,#873,.T.);
#528=EDGE_CURVE('',#734,#735,#874,.T.);
#529=EDGE_CURVE('',#735,#736,#875,.T.);
#530=EDGE_CURVE('',#736,#737,#876,.T.);
#531=EDGE_CURVE('',#738,#737,#877,.T.);
#532=EDGE_CURVE('',#739,#738,#878,.T.);
#533=EDGE_CURVE('',#739,#740,#879,.T.);
#534=EDGE_CURVE('',#740,#741,#880,.T.);
#535=EDGE_CURVE('',#741,#687,#881,.T.);
#536=EDGE_CURVE('',#742,#690,#882,.F.);
#537=EDGE_CURVE('',#742,#743,#44,.F.);
#538=EDGE_CURVE('',#695,#743,#883,.F.);
#539=EDGE_CURVE('',#678,#744,#884,.T.);
#540=EDGE_CURVE('',#744,#745,#885,.T.);
#541=EDGE_CURVE('',#745,#675,#886,.T.);
#542=EDGE_CURVE('',#746,#674,#887,.T.);
#543=EDGE_CURVE('',#747,#746,#888,.T.);
#544=EDGE_CURVE('',#671,#747,#889,.T.);
#545=EDGE_CURVE('',#748,#670,#890,.T.);
#546=EDGE_CURVE('',#749,#748,#891,.T.);
#547=EDGE_CURVE('',#667,#749,#892,.T.);
#548=EDGE_CURVE('',#666,#750,#45,.F.);
#549=EDGE_CURVE('',#686,#750,#893,.F.);
#550=EDGE_CURVE('',#751,#736,#894,.F.);
#551=EDGE_CURVE('',#751,#683,#46,.F.);
#552=EDGE_CURVE('',#682,#752,#895,.T.);
#553=EDGE_CURVE('',#752,#753,#896,.T.);
#554=EDGE_CURVE('',#753,#679,#897,.T.);
#555=EDGE_CURVE('',#670,#754,#898,.T.);
#556=EDGE_CURVE('',#754,#755,#899,.T.);
#557=EDGE_CURVE('',#755,#667,#900,.T.);
#558=EDGE_CURVE('',#674,#756,#901,.T.);
#559=EDGE_CURVE('',#756,#757,#902,.T.);
#560=EDGE_CURVE('',#757,#671,#903,.T.);
#561=EDGE_CURVE('',#715,#708,#904,.F.);
#562=EDGE_CURVE('',#725,#718,#905,.F.);
#563=EDGE_CURVE('',#758,#728,#906,.F.);
#564=EDGE_CURVE('',#758,#759,#47,.F.);
#565=EDGE_CURVE('',#733,#759,#907,.F.);
#566=EDGE_CURVE('',#705,#698,#908,.F.);
#567=EDGE_CURVE('',#760,#678,#909,.T.);
#568=EDGE_CURVE('',#761,#760,#910,.T.);
#569=EDGE_CURVE('',#675,#761,#911,.T.);
#570=EDGE_CURVE('',#762,#763,#912,.F.);
#571=EDGE_CURVE('',#763,#695,#913,.F.);
#572=EDGE_CURVE('',#743,#764,#914,.T.);
#573=EDGE_CURVE('',#764,#765,#915,.F.);
#574=EDGE_CURVE('',#765,#758,#916,.F.);
#575=EDGE_CURVE('',#728,#766,#917,.F.);
#576=EDGE_CURVE('',#766,#767,#918,.F.);
#577=EDGE_CURVE('',#767,#725,#919,.F.);
#578=EDGE_CURVE('',#718,#768,#920,.F.);
#579=EDGE_CURVE('',#768,#769,#921,.F.);
#580=EDGE_CURVE('',#769,#715,#922,.F.);
#581=EDGE_CURVE('',#708,#770,#923,.F.);
#582=EDGE_CURVE('',#770,#771,#924,.F.);
#583=EDGE_CURVE('',#771,#705,#925,.F.);
#584=EDGE_CURVE('',#698,#762,#926,.F.);
#585=EDGE_CURVE('',#690,#772,#927,.F.);
#586=EDGE_CURVE('',#772,#773,#928,.F.);
#587=EDGE_CURVE('',#773,#686,#929,.F.);
#588=EDGE_CURVE('',#750,#774,#930,.T.);
#589=EDGE_CURVE('',#774,#775,#931,.F.);
#590=EDGE_CURVE('',#775,#742,#932,.F.);
#591=EDGE_CURVE('',#776,#777,#933,.F.);
#592=EDGE_CURVE('',#777,#733,#934,.F.);
#593=EDGE_CURVE('',#759,#778,#935,.T.);
#594=EDGE_CURVE('',#778,#779,#936,.F.);
#595=EDGE_CURVE('',#779,#751,#937,.F.);
#596=EDGE_CURVE('',#736,#776,#938,.F.);
#597=EDGE_CURVE('',#780,#781,#939,.F.);
#598=EDGE_CURVE('',#781,#782,#940,.F.);
#599=EDGE_CURVE('',#782,#783,#941,.F.);
#600=EDGE_CURVE('',#783,#780,#942,.F.);
#601=EDGE_CURVE('',#784,#682,#943,.T.);
#602=EDGE_CURVE('',#785,#784,#944,.T.);
#603=EDGE_CURVE('',#679,#785,#945,.T.);
#604=EDGE_CURVE('',#764,#775,#24,.T.);
#605=EDGE_CURVE('',#764,#783,#25,.F.);
#606=EDGE_CURVE('',#783,#775,#26,.F.);
#607=EDGE_CURVE('',#774,#685,#27,.T.);
#608=EDGE_CURVE('',#780,#774,#28,.T.);
#609=EDGE_CURVE('',#765,#782,#29,.T.);
#610=EDGE_CURVE('',#778,#765,#30,.T.);
#611=EDGE_CURVE('',#780,#685,#31,.F.);
#612=EDGE_CURVE('',#778,#782,#32,.F.);
#613=EDGE_CURVE('',#781,#684,#33,.T.);
#614=EDGE_CURVE('',#779,#781,#34,.T.);
#615=EDGE_CURVE('',#779,#684,#35,.F.);
#616=EDGE_CURVE('',#786,#734,#946,.T.);
#617=EDGE_CURVE('',#786,#787,#947,.T.);
#618=EDGE_CURVE('',#787,#735,#948,.T.);
#619=EDGE_CURVE('',#777,#786,#949,.T.);
#620=EDGE_CURVE('',#787,#776,#950,.T.);
#621=EDGE_CURVE('',#676,#788,#951,.T.);
#622=EDGE_CURVE('',#788,#789,#952,.T.);
#623=EDGE_CURVE('',#789,#677,#953,.T.);
#624=EDGE_CURVE('',#789,#760,#954,.T.);
#625=EDGE_CURVE('',#788,#761,#955,.T.);
#626=EDGE_CURVE('',#680,#790,#956,.T.);
#627=EDGE_CURVE('',#790,#791,#957,.T.);
#628=EDGE_CURVE('',#791,#681,#958,.T.);
#629=EDGE_CURVE('',#790,#785,#959,.T.);
#630=EDGE_CURVE('',#791,#784,#960,.T.);
#631=EDGE_CURVE('',#673,#792,#961,.T.);
#632=EDGE_CURVE('',#793,#672,#962,.T.);
#633=EDGE_CURVE('',#792,#793,#963,.T.);
#634=EDGE_CURVE('',#793,#757,#964,.T.);
#635=EDGE_CURVE('',#792,#756,#965,.T.);
#636=EDGE_CURVE('',#669,#794,#966,.T.);
#637=EDGE_CURVE('',#795,#668,#967,.T.);
#638=EDGE_CURVE('',#794,#795,#968,.T.);
#639=EDGE_CURVE('',#795,#755,#969,.T.);
#640=EDGE_CURVE('',#794,#754,#970,.T.);
#641=EDGE_CURVE('',#796,#688,#971,.T.);
#642=EDGE_CURVE('',#796,#797,#972,.T.);
#643=EDGE_CURVE('',#797,#689,#973,.T.);
#644=EDGE_CURVE('',#773,#796,#974,.T.);
#645=EDGE_CURVE('',#797,#772,#975,.T.);
#646=EDGE_CURVE('',#798,#726,#976,.T.);
#647=EDGE_CURVE('',#798,#799,#977,.T.);
#648=EDGE_CURVE('',#799,#727,#978,.T.);
#649=EDGE_CURVE('',#767,#798,#979,.T.);
#650=EDGE_CURVE('',#799,#766,#980,.T.);
#651=EDGE_CURVE('',#800,#716,#981,.T.);
#652=EDGE_CURVE('',#800,#801,#982,.T.);
#653=EDGE_CURVE('',#801,#717,#983,.T.);
#654=EDGE_CURVE('',#769,#800,#984,.T.);
#655=EDGE_CURVE('',#801,#768,#985,.T.);
#656=EDGE_CURVE('',#802,#706,#986,.T.);
#657=EDGE_CURVE('',#802,#803,#987,.T.);
#658=EDGE_CURVE('',#803,#707,#988,.T.);
#659=EDGE_CURVE('',#771,#802,#989,.T.);
#660=EDGE_CURVE('',#803,#770,#990,.T.);
#661=EDGE_CURVE('',#763,#804,#991,.T.);
#662=EDGE_CURVE('',#804,#696,#992,.T.);
#663=EDGE_CURVE('',#805,#697,#993,.T.);
#664=EDGE_CURVE('',#805,#762,#994,.T.);
#665=EDGE_CURVE('',#804,#805,#995,.T.);
#666=VERTEX_POINT('',#2376);
#667=VERTEX_POINT('',#2377);
#668=VERTEX_POINT('',#2379);
#669=VERTEX_POINT('',#2381);
#670=VERTEX_POINT('',#2383);
#671=VERTEX_POINT('',#2385);
#672=VERTEX_POINT('',#2387);
#673=VERTEX_POINT('',#2389);
#674=VERTEX_POINT('',#2391);
#675=VERTEX_POINT('',#2393);
#676=VERTEX_POINT('',#2395);
#677=VERTEX_POINT('',#2397);
#678=VERTEX_POINT('',#2399);
#679=VERTEX_POINT('',#2401);
#680=VERTEX_POINT('',#2403);
#681=VERTEX_POINT('',#2405);
#682=VERTEX_POINT('',#2407);
#683=VERTEX_POINT('',#2409);
#684=VERTEX_POINT('',#2411);
#685=VERTEX_POINT('',#2413);
#686=VERTEX_POINT('',#2417);
#687=VERTEX_POINT('',#2418);
#688=VERTEX_POINT('',#2420);
#689=VERTEX_POINT('',#2422);
#690=VERTEX_POINT('',#2424);
#691=VERTEX_POINT('',#2426);
#692=VERTEX_POINT('',#2428);
#693=VERTEX_POINT('',#2430);
#694=VERTEX_POINT('',#2432);
#695=VERTEX_POINT('',#2434);
#696=VERTEX_POINT('',#2436);
#697=VERTEX_POINT('',#2438);
#698=VERTEX_POINT('',#2440);
#699=VERTEX_POINT('',#2442);
#700=VERTEX_POINT('',#2444);
#701=VERTEX_POINT('',#2446);
#702=VERTEX_POINT('',#2448);
#703=VERTEX_POINT('',#2450);
#704=VERTEX_POINT('',#2452);
#705=VERTEX_POINT('',#2454);
#706=VERTEX_POINT('',#2456);
#707=VERTEX_POINT('',#2458);
#708=VERTEX_POINT('',#2460);
#709=VERTEX_POINT('',#2462);
#710=VERTEX_POINT('',#2464);
#711=VERTEX_POINT('',#2466);
#712=VERTEX_POINT('',#2468);
#713=VERTEX_POINT('',#2470);
#714=VERTEX_POINT('',#2472);
#715=VERTEX_POINT('',#2474);
#716=VERTEX_POINT('',#2476);
#717=VERTEX_POINT('',#2478);
#718=VERTEX_POINT('',#2480);
#719=VERTEX_POINT('',#2482);
#720=VERTEX_POINT('',#2484);
#721=VERTEX_POINT('',#2486);
#722=VERTEX_POINT('',#2488);
#723=VERTEX_POINT('',#2490);
#724=VERTEX_POINT('',#2492);
#725=VERTEX_POINT('',#2494);
#726=VERTEX_POINT('',#2496);
#727=VERTEX_POINT('',#2498);
#728=VERTEX_POINT('',#2500);
#729=VERTEX_POINT('',#2502);
#730=VERTEX_POINT('',#2504);
#731=VERTEX_POINT('',#2506);
#732=VERTEX_POINT('',#2508);
#733=VERTEX_POINT('',#2510);
#734=VERTEX_POINT('',#2512);
#735=VERTEX_POINT('',#2514);
#736=VERTEX_POINT('',#2516);
#737=VERTEX_POINT('',#2518);
#738=VERTEX_POINT('',#2520);
#739=VERTEX_POINT('',#2522);
#740=VERTEX_POINT('',#2524);
#741=VERTEX_POINT('',#2526);
#742=VERTEX_POINT('',#2530);
#743=VERTEX_POINT('',#2532);
#744=VERTEX_POINT('',#2536);
#745=VERTEX_POINT('',#2538);
#746=VERTEX_POINT('',#2541);
#747=VERTEX_POINT('',#2543);
#748=VERTEX_POINT('',#2546);
#749=VERTEX_POINT('',#2548);
#750=VERTEX_POINT('',#2551);
#751=VERTEX_POINT('',#2554);
#752=VERTEX_POINT('',#2557);
#753=VERTEX_POINT('',#2559);
#754=VERTEX_POINT('',#2563);
#755=VERTEX_POINT('',#2565);
#756=VERTEX_POINT('',#2569);
#757=VERTEX_POINT('',#2571);
#758=VERTEX_POINT('',#2579);
#759=VERTEX_POINT('',#2581);
#760=VERTEX_POINT('',#2587);
#761=VERTEX_POINT('',#2589);
#762=VERTEX_POINT('',#2593);
#763=VERTEX_POINT('',#2594);
#764=VERTEX_POINT('',#2597);
#765=VERTEX_POINT('',#2599);
#766=VERTEX_POINT('',#2602);
#767=VERTEX_POINT('',#2604);
#768=VERTEX_POINT('',#2607);
#769=VERTEX_POINT('',#2609);
#770=VERTEX_POINT('',#2612);
#771=VERTEX_POINT('',#2614);
#772=VERTEX_POINT('',#2619);
#773=VERTEX_POINT('',#2621);
#774=VERTEX_POINT('',#2624);
#775=VERTEX_POINT('',#2626);
#776=VERTEX_POINT('',#2630);
#777=VERTEX_POINT('',#2631);
#778=VERTEX_POINT('',#2634);
#779=VERTEX_POINT('',#2636);
#780=VERTEX_POINT('',#2641);
#781=VERTEX_POINT('',#2642);
#782=VERTEX_POINT('',#2644);
#783=VERTEX_POINT('',#2646);
#784=VERTEX_POINT('',#2650);
#785=VERTEX_POINT('',#2652);
#786=VERTEX_POINT('',#2680);
#787=VERTEX_POINT('',#2682);
#788=VERTEX_POINT('',#2691);
#789=VERTEX_POINT('',#2693);
#790=VERTEX_POINT('',#2702);
#791=VERTEX_POINT('',#2704);
#792=VERTEX_POINT('',#2713);
#793=VERTEX_POINT('',#2715);
#794=VERTEX_POINT('',#2724);
#795=VERTEX_POINT('',#2726);
#796=VERTEX_POINT('',#2735);
#797=VERTEX_POINT('',#2737);
#798=VERTEX_POINT('',#2746);
#799=VERTEX_POINT('',#2748);
#800=VERTEX_POINT('',#2757);
#801=VERTEX_POINT('',#2759);
#802=VERTEX_POINT('',#2768);
#803=VERTEX_POINT('',#2770);
#804=VERTEX_POINT('',#2779);
#805=VERTEX_POINT('',#2783);
#806=LINE('',#2375,#996);
#807=LINE('',#2378,#997);
#808=LINE('',#2380,#998);
#809=LINE('',#2382,#999);
#810=LINE('',#2384,#1000);
#811=LINE('',#2386,#1001);
#812=LINE('',#2388,#1002);
#813=LINE('',#2390,#1003);
#814=LINE('',#2392,#1004);
#815=LINE('',#2394,#1005);
#816=LINE('',#2396,#1006);
#817=LINE('',#2398,#1007);
#818=LINE('',#2400,#1008);
#819=LINE('',#2402,#1009);
#820=LINE('',#2404,#1010);
#821=LINE('',#2406,#1011);
#822=LINE('',#2408,#1012);
#823=LINE('',#2410,#1013);
#824=LINE('',#2412,#1014);
#825=LINE('',#2414,#1015);
#826=LINE('',#2416,#1016);
#827=LINE('',#2419,#1017);
#828=LINE('',#2421,#1018);
#829=LINE('',#2423,#1019);
#830=LINE('',#2425,#1020);
#831=LINE('',#2427,#1021);
#832=LINE('',#2429,#1022);
#833=LINE('',#2431,#1023);
#834=LINE('',#2433,#1024);
#835=LINE('',#2435,#1025);
#836=LINE('',#2437,#1026);
#837=LINE('',#2439,#1027);
#838=LINE('',#2441,#1028);
#839=LINE('',#2443,#1029);
#840=LINE('',#2445,#1030);
#841=LINE('',#2447,#1031);
#842=LINE('',#2449,#1032);
#843=LINE('',#2451,#1033);
#844=LINE('',#2453,#1034);
#845=LINE('',#2455,#1035);
#846=LINE('',#2457,#1036);
#847=LINE('',#2459,#1037);
#848=LINE('',#2461,#1038);
#849=LINE('',#2463,#1039);
#850=LINE('',#2465,#1040);
#851=LINE('',#2467,#1041);
#852=LINE('',#2469,#1042);
#853=LINE('',#2471,#1043);
#854=LINE('',#2473,#1044);
#855=LINE('',#2475,#1045);
#856=LINE('',#2477,#1046);
#857=LINE('',#2479,#1047);
#858=LINE('',#2481,#1048);
#859=LINE('',#2483,#1049);
#860=LINE('',#2485,#1050);
#861=LINE('',#2487,#1051);
#862=LINE('',#2489,#1052);
#863=LINE('',#2491,#1053);
#864=LINE('',#2493,#1054);
#865=LINE('',#2495,#1055);
#866=LINE('',#2497,#1056);
#867=LINE('',#2499,#1057);
#868=LINE('',#2501,#1058);
#869=LINE('',#2503,#1059);
#870=LINE('',#2505,#1060);
#871=LINE('',#2507,#1061);
#872=LINE('',#2509,#1062);
#873=LINE('',#2511,#1063);
#874=LINE('',#2513,#1064);
#875=LINE('',#2515,#1065);
#876=LINE('',#2517,#1066);
#877=LINE('',#2519,#1067);
#878=LINE('',#2521,#1068);
#879=LINE('',#2523,#1069);
#880=LINE('',#2525,#1070);
#881=LINE('',#2527,#1071);
#882=LINE('',#2529,#1072);
#883=LINE('',#2533,#1073);
#884=LINE('',#2535,#1074);
#885=LINE('',#2537,#1075);
#886=LINE('',#2539,#1076);
#887=LINE('',#2540,#1077);
#888=LINE('',#2542,#1078);
#889=LINE('',#2544,#1079);
#890=LINE('',#2545,#1080);
#891=LINE('',#2547,#1081);
#892=LINE('',#2549,#1082);
#893=LINE('',#2552,#1083);
#894=LINE('',#2553,#1084);
#895=LINE('',#2556,#1085);
#896=LINE('',#2558,#1086);
#897=LINE('',#2560,#1087);
#898=LINE('',#2562,#1088);
#899=LINE('',#2564,#1089);
#900=LINE('',#2566,#1090);
#901=LINE('',#2568,#1091);
#902=LINE('',#2570,#1092);
#903=LINE('',#2572,#1093);
#904=LINE('',#2574,#1094);
#905=LINE('',#2576,#1095);
#906=LINE('',#2578,#1096);
#907=LINE('',#2582,#1097);
#908=LINE('',#2584,#1098);
#909=LINE('',#2586,#1099);
#910=LINE('',#2588,#1100);
#911=LINE('',#2590,#1101);
#912=LINE('',#2592,#1102);
#913=LINE('',#2595,#1103);
#914=LINE('',#2596,#1104);
#915=LINE('',#2598,#1105);
#916=LINE('',#2600,#1106);
#917=LINE('',#2601,#1107);
#918=LINE('',#2603,#1108);
#919=LINE('',#2605,#1109);
#920=LINE('',#2606,#1110);
#921=LINE('',#2608,#1111);
#922=LINE('',#2610,#1112);
#923=LINE('',#2611,#1113);
#924=LINE('',#2613,#1114);
#925=LINE('',#2615,#1115);
#926=LINE('',#2616,#1116);
#927=LINE('',#2618,#1117);
#928=LINE('',#2620,#1118);
#929=LINE('',#2622,#1119);
#930=LINE('',#2623,#1120);
#931=LINE('',#2625,#1121);
#932=LINE('',#2627,#1122);
#933=LINE('',#2629,#1123);
#934=LINE('',#2632,#1124);
#935=LINE('',#2633,#1125);
#936=LINE('',#2635,#1126);
#937=LINE('',#2637,#1127);
#938=LINE('',#2638,#1128);
#939=LINE('',#2640,#1129);
#940=LINE('',#2643,#1130);
#941=LINE('',#2645,#1131);
#942=LINE('',#2647,#1132);
#943=LINE('',#2649,#1133);
#944=LINE('',#2651,#1134);
#945=LINE('',#2653,#1135);
#946=LINE('',#2679,#1136);
#947=LINE('',#2681,#1137);
#948=LINE('',#2683,#1138);
#949=LINE('',#2685,#1139);
#950=LINE('',#2687,#1140);
#951=LINE('',#2690,#1141);
#952=LINE('',#2692,#1142);
#953=LINE('',#2694,#1143);
#954=LINE('',#2696,#1144);
#955=LINE('',#2698,#1145);
#956=LINE('',#2701,#1146);
#957=LINE('',#2703,#1147);
#958=LINE('',#2705,#1148);
#959=LINE('',#2707,#1149);
#960=LINE('',#2709,#1150);
#961=LINE('',#2712,#1151);
#962=LINE('',#2714,#1152);
#963=LINE('',#2716,#1153);
#964=LINE('',#2718,#1154);
#965=LINE('',#2720,#1155);
#966=LINE('',#2723,#1156);
#967=LINE('',#2725,#1157);
#968=LINE('',#2727,#1158);
#969=LINE('',#2729,#1159);
#970=LINE('',#2731,#1160);
#971=LINE('',#2734,#1161);
#972=LINE('',#2736,#1162);
#973=LINE('',#2738,#1163);
#974=LINE('',#2740,#1164);
#975=LINE('',#2742,#1165);
#976=LINE('',#2745,#1166);
#977=LINE('',#2747,#1167);
#978=LINE('',#2749,#1168);
#979=LINE('',#2751,#1169);
#980=LINE('',#2753,#1170);
#981=LINE('',#2756,#1171);
#982=LINE('',#2758,#1172);
#983=LINE('',#2760,#1173);
#984=LINE('',#2762,#1174);
#985=LINE('',#2764,#1175);
#986=LINE('',#2767,#1176);
#987=LINE('',#2769,#1177);
#988=LINE('',#2771,#1178);
#989=LINE('',#2773,#1179);
#990=LINE('',#2775,#1180);
#991=LINE('',#2778,#1181);
#992=LINE('',#2780,#1182);
#993=LINE('',#2782,#1183);
#994=LINE('',#2784,#1184);
#995=LINE('',#2786,#1185);
#996=VECTOR('',#2017,1000.);
#997=VECTOR('',#2018,1000.);
#998=VECTOR('',#2019,1000.);
#999=VECTOR('',#2020,1000.);
#1000=VECTOR('',#2021,1000.);
#1001=VECTOR('',#2022,1000.);
#1002=VECTOR('',#2023,1000.);
#1003=VECTOR('',#2024,1000.);
#1004=VECTOR('',#2025,1000.);
#1005=VECTOR('',#2026,1000.);
#1006=VECTOR('',#2027,1000.);
#1007=VECTOR('',#2028,1000.);
#1008=VECTOR('',#2029,1000.);
#1009=VECTOR('',#2030,1000.);
#1010=VECTOR('',#2031,1000.);
#1011=VECTOR('',#2032,1000.);
#1012=VECTOR('',#2033,1000.);
#1013=VECTOR('',#2034,1000.);
#1014=VECTOR('',#2035,1000.);
#1015=VECTOR('',#2036,1000.);
#1016=VECTOR('',#2039,1000.);
#1017=VECTOR('',#2040,1000.);
#1018=VECTOR('',#2041,1000.);
#1019=VECTOR('',#2042,1000.);
#1020=VECTOR('',#2043,1000.);
#1021=VECTOR('',#2044,1000.);
#1022=VECTOR('',#2045,1000.);
#1023=VECTOR('',#2046,1000.);
#1024=VECTOR('',#2047,1000.);
#1025=VECTOR('',#2048,1000.);
#1026=VECTOR('',#2049,1000.);
#1027=VECTOR('',#2050,1000.);
#1028=VECTOR('',#2051,1000.);
#1029=VECTOR('',#2052,1000.);
#1030=VECTOR('',#2053,1000.);
#1031=VECTOR('',#2054,1000.);
#1032=VECTOR('',#2055,1000.);
#1033=VECTOR('',#2056,1000.);
#1034=VECTOR('',#2057,1000.);
#1035=VECTOR('',#2058,1000.);
#1036=VECTOR('',#2059,1000.);
#1037=VECTOR('',#2060,1000.);
#1038=VECTOR('',#2061,1000.);
#1039=VECTOR('',#2062,1000.);
#1040=VECTOR('',#2063,1000.);
#1041=VECTOR('',#2064,1000.);
#1042=VECTOR('',#2065,1000.);
#1043=VECTOR('',#2066,1000.);
#1044=VECTOR('',#2067,1000.);
#1045=VECTOR('',#2068,1000.);
#1046=VECTOR('',#2069,1000.);
#1047=VECTOR('',#2070,1000.);
#1048=VECTOR('',#2071,1000.);
#1049=VECTOR('',#2072,1000.);
#1050=VECTOR('',#2073,1000.);
#1051=VECTOR('',#2074,1000.);
#1052=VECTOR('',#2075,1000.);
#1053=VECTOR('',#2076,1000.);
#1054=VECTOR('',#2077,1000.);
#1055=VECTOR('',#2078,1000.);
#1056=VECTOR('',#2079,1000.);
#1057=VECTOR('',#2080,1000.);
#1058=VECTOR('',#2081,1000.);
#1059=VECTOR('',#2082,1000.);
#1060=VECTOR('',#2083,1000.);
#1061=VECTOR('',#2084,1000.);
#1062=VECTOR('',#2085,1000.);
#1063=VECTOR('',#2086,1000.);
#1064=VECTOR('',#2087,1000.);
#1065=VECTOR('',#2088,1000.);
#1066=VECTOR('',#2089,1000.);
#1067=VECTOR('',#2090,1000.);
#1068=VECTOR('',#2091,1000.);
#1069=VECTOR('',#2092,1000.);
#1070=VECTOR('',#2093,1000.);
#1071=VECTOR('',#2094,1000.);
#1072=VECTOR('',#2097,1000.);
#1073=VECTOR('',#2100,1000.);
#1074=VECTOR('',#2103,1000.);
#1075=VECTOR('',#2104,1000.);
#1076=VECTOR('',#2105,1000.);
#1077=VECTOR('',#2106,1000.);
#1078=VECTOR('',#2107,1000.);
#1079=VECTOR('',#2108,1000.);
#1080=VECTOR('',#2109,1000.);
#1081=VECTOR('',#2110,1000.);
#1082=VECTOR('',#2111,1000.);
#1083=VECTOR('',#2114,1000.);
#1084=VECTOR('',#2115,1000.);
#1085=VECTOR('',#2118,1000.);
#1086=VECTOR('',#2119,1000.);
#1087=VECTOR('',#2120,1000.);
#1088=VECTOR('',#2123,1000.);
#1089=VECTOR('',#2124,1000.);
#1090=VECTOR('',#2125,1000.);
#1091=VECTOR('',#2128,1000.);
#1092=VECTOR('',#2129,1000.);
#1093=VECTOR('',#2130,1000.);
#1094=VECTOR('',#2133,1000.);
#1095=VECTOR('',#2136,1000.);
#1096=VECTOR('',#2139,1000.);
#1097=VECTOR('',#2142,1000.);
#1098=VECTOR('',#2145,1000.);
#1099=VECTOR('',#2148,1000.);
#1100=VECTOR('',#2149,1000.);
#1101=VECTOR('',#2150,1000.);
#1102=VECTOR('',#2153,1000.);
#1103=VECTOR('',#2154,1000.);
#1104=VECTOR('',#2155,1000.);
#1105=VECTOR('',#2156,1000.);
#1106=VECTOR('',#2157,1000.);
#1107=VECTOR('',#2158,1000.);
#1108=VECTOR('',#2159,1000.);
#1109=VECTOR('',#2160,1000.);
#1110=VECTOR('',#2161,1000.);
#1111=VECTOR('',#2162,1000.);
#1112=VECTOR('',#2163,1000.);
#1113=VECTOR('',#2164,1000.);
#1114=VECTOR('',#2165,1000.);
#1115=VECTOR('',#2166,1000.);
#1116=VECTOR('',#2167,1000.);
#1117=VECTOR('',#2170,1000.);
#1118=VECTOR('',#2171,1000.);
#1119=VECTOR('',#2172,1000.);
#1120=VECTOR('',#2173,1000.);
#1121=VECTOR('',#2174,1000.);
#1122=VECTOR('',#2175,1000.);
#1123=VECTOR('',#2178,1000.);
#1124=VECTOR('',#2179,1000.);
#1125=VECTOR('',#2180,1000.);
#1126=VECTOR('',#2181,1000.);
#1127=VECTOR('',#2182,1000.);
#1128=VECTOR('',#2183,1000.);
#1129=VECTOR('',#2186,1000.);
#1130=VECTOR('',#2187,1000.);
#1131=VECTOR('',#2188,1000.);
#1132=VECTOR('',#2189,1000.);
#1133=VECTOR('',#2192,1000.);
#1134=VECTOR('',#2193,1000.);
#1135=VECTOR('',#2194,1000.);
#1136=VECTOR('',#2245,1000.);
#1137=VECTOR('',#2246,1000.);
#1138=VECTOR('',#2247,1000.);
#1139=VECTOR('',#2250,1000.);
#1140=VECTOR('',#2253,1000.);
#1141=VECTOR('',#2258,1000.);
#1142=VECTOR('',#2259,1000.);
#1143=VECTOR('',#2260,1000.);
#1144=VECTOR('',#2263,1000.);
#1145=VECTOR('',#2266,1000.);
#1146=VECTOR('',#2271,1000.);
#1147=VECTOR('',#2272,1000.);
#1148=VECTOR('',#2273,1000.);
#1149=VECTOR('',#2276,1000.);
#1150=VECTOR('',#2279,1000.);
#1151=VECTOR('',#2284,1000.);
#1152=VECTOR('',#2285,1000.);
#1153=VECTOR('',#2286,1000.);
#1154=VECTOR('',#2289,1000.);
#1155=VECTOR('',#2292,1000.);
#1156=VECTOR('',#2297,1000.);
#1157=VECTOR('',#2298,1000.);
#1158=VECTOR('',#2299,1000.);
#1159=VECTOR('',#2302,1000.);
#1160=VECTOR('',#2305,1000.);
#1161=VECTOR('',#2310,1000.);
#1162=VECTOR('',#2311,1000.);
#1163=VECTOR('',#2312,1000.);
#1164=VECTOR('',#2315,1000.);
#1165=VECTOR('',#2318,1000.);
#1166=VECTOR('',#2323,1000.);
#1167=VECTOR('',#2324,1000.);
#1168=VECTOR('',#2325,1000.);
#1169=VECTOR('',#2328,1000.);
#1170=VECTOR('',#2331,1000.);
#1171=VECTOR('',#2336,1000.);
#1172=VECTOR('',#2337,1000.);
#1173=VECTOR('',#2338,1000.);
#1174=VECTOR('',#2341,1000.);
#1175=VECTOR('',#2344,1000.);
#1176=VECTOR('',#2349,1000.);
#1177=VECTOR('',#2350,1000.);
#1178=VECTOR('',#2351,1000.);
#1179=VECTOR('',#2354,1000.);
#1180=VECTOR('',#2357,1000.);
#1181=VECTOR('',#2362,1000.);
#1182=VECTOR('',#2363,1000.);
#1183=VECTOR('',#2366,1000.);
#1184=VECTOR('',#2367,1000.);
#1185=VECTOR('',#2370,1000.);
#1186=EDGE_LOOP('',(#48,#49,#50,#51,#52,#53,#54,#55,#56,#57,#58,#59,#60,
#61,#62,#63,#64,#65,#66,#67));
#1187=EDGE_LOOP('',(#68,#69,#70,#71,#72,#73,#74,#75,#76,#77,#78,#79,#80,
#81,#82,#83,#84,#85,#86,#87,#88,#89,#90,#91,#92,#93,#94,#95,#96,#97,#98,
#99,#100,#101,#102,#103,#104,#105,#106,#107,#108,#109,#110,#111,#112,#113,
#114,#115,#116,#117,#118,#119,#120,#121,#122,#123));
#1188=EDGE_LOOP('',(#124,#125,#126,#127,#128,#129,#130,#131));
#1189=EDGE_LOOP('',(#132,#133,#134,#135,#136,#137,#138,#139,#140,#141,#142,
#143,#144,#145,#146,#147,#148,#149,#150,#151,#152,#153,#154,#155,#156,#157,
#158,#159));
#1190=EDGE_LOOP('',(#160,#161,#162,#163,#164,#165));
#1191=EDGE_LOOP('',(#166,#167,#168,#169,#170,#171));
#1192=EDGE_LOOP('',(#172,#173,#174,#175,#176,#177,#178,#179));
#1193=EDGE_LOOP('',(#180,#181,#182,#183,#184,#185,#186,#187));
#1194=EDGE_LOOP('',(#188,#189,#190,#191,#192,#193,#194,#195));
#1195=EDGE_LOOP('',(#196,#197,#198,#199,#200,#201,#202,#203));
#1196=EDGE_LOOP('',(#204,#205,#206,#207,#208,#209));
#1197=EDGE_LOOP('',(#210,#211,#212,#213,#214,#215,#216,#217,#218,#219,#220,
#221,#222,#223,#224,#225,#226,#227,#228,#229));
#1198=EDGE_LOOP('',(#230,#231,#232,#233,#234,#235,#236,#237));
#1199=EDGE_LOOP('',(#238,#239,#240,#241,#242,#243,#244,#245));
#1200=EDGE_LOOP('',(#246,#247,#248,#249));
#1201=EDGE_LOOP('',(#250,#251,#252,#253,#254,#255));
#1202=EDGE_LOOP('',(#256,#257,#258,#259));
#1203=EDGE_LOOP('',(#260,#261,#262));
#1204=EDGE_LOOP('',(#263,#264,#265,#266));
#1205=EDGE_LOOP('',(#267,#268,#269,#270));
#1206=EDGE_LOOP('',(#271,#272,#273,#274));
#1207=EDGE_LOOP('',(#275,#276,#277,#278));
#1208=EDGE_LOOP('',(#279,#280,#281));
#1209=EDGE_LOOP('',(#282,#283,#284));
#1210=EDGE_LOOP('',(#285,#286,#287,#288));
#1211=EDGE_LOOP('',(#289,#290,#291,#292));
#1212=EDGE_LOOP('',(#293,#294,#295));
#1213=EDGE_LOOP('',(#296,#297,#298,#299));
#1214=EDGE_LOOP('',(#300,#301,#302,#303));
#1215=EDGE_LOOP('',(#304,#305,#306,#307));
#1216=EDGE_LOOP('',(#308,#309,#310,#311));
#1217=EDGE_LOOP('',(#312,#313,#314,#315));
#1218=EDGE_LOOP('',(#316,#317,#318,#319));
#1219=EDGE_LOOP('',(#320,#321,#322,#323));
#1220=EDGE_LOOP('',(#324,#325,#326,#327));
#1221=EDGE_LOOP('',(#328,#329,#330,#331));
#1222=EDGE_LOOP('',(#332,#333,#334,#335));
#1223=EDGE_LOOP('',(#336,#337,#338,#339));
#1224=EDGE_LOOP('',(#340,#341,#342,#343));
#1225=EDGE_LOOP('',(#344,#345,#346,#347));
#1226=EDGE_LOOP('',(#348,#349,#350,#351));
#1227=EDGE_LOOP('',(#352,#353,#354,#355));
#1228=EDGE_LOOP('',(#356,#357,#358,#359));
#1229=EDGE_LOOP('',(#360,#361,#362,#363));
#1230=EDGE_LOOP('',(#364,#365,#366,#367));
#1231=EDGE_LOOP('',(#368,#369,#370,#371));
#1232=EDGE_LOOP('',(#372,#373,#374,#375));
#1233=EDGE_LOOP('',(#376,#377,#378,#379));
#1234=EDGE_LOOP('',(#380,#381,#382,#383));
#1235=EDGE_LOOP('',(#384,#385,#386,#387));
#1236=EDGE_LOOP('',(#388,#389,#390,#391));
#1237=EDGE_LOOP('',(#392,#393,#394,#395));
#1238=EDGE_LOOP('',(#396,#397,#398,#399));
#1239=EDGE_LOOP('',(#400,#401,#402,#403));
#1240=EDGE_LOOP('',(#404,#405,#406,#407));
#1241=EDGE_LOOP('',(#408,#409,#410,#411));
#1242=EDGE_LOOP('',(#412,#413,#414,#415));
#1243=EDGE_LOOP('',(#416,#417,#418,#419));
#1244=EDGE_LOOP('',(#420,#421,#422,#423));
#1245=EDGE_LOOP('',(#424,#425,#426,#427));
#1246=EDGE_LOOP('',(#428,#429,#430,#431));
#1247=EDGE_LOOP('',(#432,#433,#434,#435));
#1248=EDGE_LOOP('',(#436,#437,#438,#439));
#1249=EDGE_LOOP('',(#440,#441,#442,#443));
#1250=EDGE_LOOP('',(#444,#445,#446,#447));
#1251=EDGE_LOOP('',(#448,#449,#450,#451));
#1252=EDGE_LOOP('',(#452,#453,#454,#455));
#1253=EDGE_LOOP('',(#456,#457,#458,#459));
#1254=FACE_BOUND('',#1186,.T.);
#1255=FACE_BOUND('',#1187,.T.);
#1256=FACE_BOUND('',#1188,.T.);
#1257=FACE_BOUND('',#1189,.T.);
#1258=FACE_BOUND('',#1190,.T.);
#1259=FACE_BOUND('',#1191,.T.);
#1260=FACE_BOUND('',#1192,.T.);
#1261=FACE_BOUND('',#1193,.T.);
#1262=FACE_BOUND('',#1194,.T.);
#1263=FACE_BOUND('',#1195,.T.);
#1264=FACE_BOUND('',#1196,.T.);
#1265=FACE_BOUND('',#1197,.T.);
#1266=FACE_BOUND('',#1198,.T.);
#1267=FACE_BOUND('',#1199,.T.);
#1268=FACE_BOUND('',#1200,.T.);
#1269=FACE_BOUND('',#1201,.T.);
#1270=FACE_BOUND('',#1202,.T.);
#1271=FACE_BOUND('',#1203,.T.);
#1272=FACE_BOUND('',#1204,.T.);
#1273=FACE_BOUND('',#1205,.T.);
#1274=FACE_BOUND('',#1206,.T.);
#1275=FACE_BOUND('',#1207,.T.);
#1276=FACE_BOUND('',#1208,.T.);
#1277=FACE_BOUND('',#1209,.T.);
#1278=FACE_BOUND('',#1210,.T.);
#1279=FACE_BOUND('',#1211,.T.);
#1280=FACE_BOUND('',#1212,.T.);
#1281=FACE_BOUND('',#1213,.T.);
#1282=FACE_BOUND('',#1214,.T.);
#1283=FACE_BOUND('',#1215,.T.);
#1284=FACE_BOUND('',#1216,.T.);
#1285=FACE_BOUND('',#1217,.T.);
#1286=FACE_BOUND('',#1218,.T.);
#1287=FACE_BOUND('',#1219,.T.);
#1288=FACE_BOUND('',#1220,.T.);
#1289=FACE_BOUND('',#1221,.T.);
#1290=FACE_BOUND('',#1222,.T.);
#1291=FACE_BOUND('',#1223,.T.);
#1292=FACE_BOUND('',#1224,.T.);
#1293=FACE_BOUND('',#1225,.T.);
#1294=FACE_BOUND('',#1226,.T.);
#1295=FACE_BOUND('',#1227,.T.);
#1296=FACE_BOUND('',#1228,.T.);
#1297=FACE_BOUND('',#1229,.T.);
#1298=FACE_BOUND('',#1230,.T.);
#1299=FACE_BOUND('',#1231,.T.);
#1300=FACE_BOUND('',#1232,.T.);
#1301=FACE_BOUND('',#1233,.T.);
#1302=FACE_BOUND('',#1234,.T.);
#1303=FACE_BOUND('',#1235,.T.);
#1304=FACE_BOUND('',#1236,.T.);
#1305=FACE_BOUND('',#1237,.T.);
#1306=FACE_BOUND('',#1238,.T.);
#1307=FACE_BOUND('',#1239,.T.);
#1308=FACE_BOUND('',#1240,.T.);
#1309=FACE_BOUND('',#1241,.T.);
#1310=FACE_BOUND('',#1242,.T.);
#1311=FACE_BOUND('',#1243,.T.);
#1312=FACE_BOUND('',#1244,.T.);
#1313=FACE_BOUND('',#1245,.T.);
#1314=FACE_BOUND('',#1246,.T.);
#1315=FACE_BOUND('',#1247,.T.);
#1316=FACE_BOUND('',#1248,.T.);
#1317=FACE_BOUND('',#1249,.T.);
#1318=FACE_BOUND('',#1250,.T.);
#1319=FACE_BOUND('',#1251,.T.);
#1320=FACE_BOUND('',#1252,.T.);
#1321=FACE_BOUND('',#1253,.T.);
#1322=PLANE('',#1929);
#1323=PLANE('',#1930);
#1324=PLANE('',#1931);
#1325=PLANE('',#1933);
#1326=PLANE('',#1936);
#1327=PLANE('',#1937);
#1328=PLANE('',#1938);
#1329=PLANE('',#1939);
#1330=PLANE('',#1940);
#1331=PLANE('',#1942);
#1332=PLANE('',#1943);
#1333=PLANE('',#1944);
#1334=PLANE('',#1945);
#1335=PLANE('',#1946);
#1336=PLANE('',#1947);
#1337=PLANE('',#1948);
#1338=PLANE('',#1973);
#1339=PLANE('',#1974);
#1340=PLANE('',#1975);
#1341=PLANE('',#1976);
#1342=PLANE('',#1977);
#1343=PLANE('',#1978);
#1344=PLANE('',#1979);
#1345=PLANE('',#1980);
#1346=PLANE('',#1981);
#1347=PLANE('',#1982);
#1348=PLANE('',#1983);
#1349=PLANE('',#1984);
#1350=PLANE('',#1985);
#1351=PLANE('',#1986);
#1352=PLANE('',#1987);
#1353=PLANE('',#1988);
#1354=PLANE('',#1989);
#1355=PLANE('',#1990);
#1356=PLANE('',#1991);
#1357=PLANE('',#1992);
#1358=PLANE('',#1993);
#1359=PLANE('',#1994);
#1360=PLANE('',#1995);
#1361=PLANE('',#1996);
#1362=PLANE('',#1997);
#1363=PLANE('',#1998);
#1364=PLANE('',#1999);
#1365=PLANE('',#2000);
#1366=PLANE('',#2001);
#1367=PLANE('',#2002);
#1368=PLANE('',#2003);
#1369=PLANE('',#2004);
#1370=PLANE('',#2005);
#1371=PLANE('',#2006);
#1372=PLANE('',#2007);
#1373=PLANE('',#2008);
#1374=PLANE('',#2009);
#1375=PLANE('',#2010);
#1376=PLANE('',#2011);
#1377=PLANE('',#2012);
#1378=STYLED_ITEM('',(#1446),#1856);
#1379=STYLED_ITEM('',(#1447),#1857);
#1380=STYLED_ITEM('',(#1448),#1858);
#1381=STYLED_ITEM('',(#1449),#1859);
#1382=STYLED_ITEM('',(#1450),#1860);
#1383=STYLED_ITEM('',(#1451),#1861);
#1384=STYLED_ITEM('',(#1452),#1862);
#1385=STYLED_ITEM('',(#1453),#1863);
#1386=STYLED_ITEM('',(#1454),#1864);
#1387=STYLED_ITEM('',(#1455),#1865);
#1388=STYLED_ITEM('',(#1456),#1866);
#1389=STYLED_ITEM('',(#1457),#1867);
#1390=STYLED_ITEM('',(#1458),#1868);
#1391=STYLED_ITEM('',(#1459),#1869);
#1392=STYLED_ITEM('',(#1460),#1870);
#1393=STYLED_ITEM('',(#1461),#1871);
#1394=STYLED_ITEM('',(#1462),#1872);
#1395=STYLED_ITEM('',(#1463),#1873);
#1396=STYLED_ITEM('',(#1464),#1874);
#1397=STYLED_ITEM('',(#1465),#1875);
#1398=STYLED_ITEM('',(#1466),#1876);
#1399=STYLED_ITEM('',(#1467),#1877);
#1400=STYLED_ITEM('',(#1468),#1878);
#1401=STYLED_ITEM('',(#1469),#1879);
#1402=STYLED_ITEM('',(#1470),#1880);
#1403=STYLED_ITEM('',(#1471),#1881);
#1404=STYLED_ITEM('',(#1472),#1882);
#1405=STYLED_ITEM('',(#1473),#1883);
#1406=STYLED_ITEM('',(#1474),#1884);
#1407=STYLED_ITEM('',(#1475),#1885);
#1408=STYLED_ITEM('',(#1476),#1886);
#1409=STYLED_ITEM('',(#1477),#1887);
#1410=STYLED_ITEM('',(#1478),#1888);
#1411=STYLED_ITEM('',(#1479),#1889);
#1412=STYLED_ITEM('',(#1480),#1890);
#1413=STYLED_ITEM('',(#1481),#1891);
#1414=STYLED_ITEM('',(#1482),#1892);
#1415=STYLED_ITEM('',(#1483),#1893);
#1416=STYLED_ITEM('',(#1484),#1894);
#1417=STYLED_ITEM('',(#1485),#1895);
#1418=STYLED_ITEM('',(#1486),#1896);
#1419=STYLED_ITEM('',(#1487),#1897);
#1420=STYLED_ITEM('',(#1488),#1898);
#1421=STYLED_ITEM('',(#1489),#1899);
#1422=STYLED_ITEM('',(#1490),#1900);
#1423=STYLED_ITEM('',(#1491),#1901);
#1424=STYLED_ITEM('',(#1492),#1902);
#1425=STYLED_ITEM('',(#1493),#1903);
#1426=STYLED_ITEM('',(#1494),#1904);
#1427=STYLED_ITEM('',(#1495),#1905);
#1428=STYLED_ITEM('',(#1496),#1906);
#1429=STYLED_ITEM('',(#1497),#1907);
#1430=STYLED_ITEM('',(#1498),#1908);
#1431=STYLED_ITEM('',(#1499),#1909);
#1432=STYLED_ITEM('',(#1500),#1910);
#1433=STYLED_ITEM('',(#1501),#1911);
#1434=STYLED_ITEM('',(#1502),#1912);
#1435=STYLED_ITEM('',(#1503),#1913);
#1436=STYLED_ITEM('',(#1504),#1914);
#1437=STYLED_ITEM('',(#1505),#1915);
#1438=STYLED_ITEM('',(#1506),#1916);
#1439=STYLED_ITEM('',(#1507),#1917);
#1440=STYLED_ITEM('',(#1508),#1918);
#1441=STYLED_ITEM('',(#1509),#1919);
#1442=STYLED_ITEM('',(#1510),#1920);
#1443=STYLED_ITEM('',(#1511),#1921);
#1444=STYLED_ITEM('',(#1512),#1922);
#1445=STYLED_ITEM('',(#1513),#1923);
#1446=PRESENTATION_STYLE_ASSIGNMENT((#1514));
#1447=PRESENTATION_STYLE_ASSIGNMENT((#1515));
#1448=PRESENTATION_STYLE_ASSIGNMENT((#1516));
#1449=PRESENTATION_STYLE_ASSIGNMENT((#1517));
#1450=PRESENTATION_STYLE_ASSIGNMENT((#1518));
#1451=PRESENTATION_STYLE_ASSIGNMENT((#1519));
#1452=PRESENTATION_STYLE_ASSIGNMENT((#1520));
#1453=PRESENTATION_STYLE_ASSIGNMENT((#1521));
#1454=PRESENTATION_STYLE_ASSIGNMENT((#1522));
#1455=PRESENTATION_STYLE_ASSIGNMENT((#1523));
#1456=PRESENTATION_STYLE_ASSIGNMENT((#1524));
#1457=PRESENTATION_STYLE_ASSIGNMENT((#1525));
#1458=PRESENTATION_STYLE_ASSIGNMENT((#1526));
#1459=PRESENTATION_STYLE_ASSIGNMENT((#1527));
#1460=PRESENTATION_STYLE_ASSIGNMENT((#1528));
#1461=PRESENTATION_STYLE_ASSIGNMENT((#1529));
#1462=PRESENTATION_STYLE_ASSIGNMENT((#1530));
#1463=PRESENTATION_STYLE_ASSIGNMENT((#1531));
#1464=PRESENTATION_STYLE_ASSIGNMENT((#1532));
#1465=PRESENTATION_STYLE_ASSIGNMENT((#1533));
#1466=PRESENTATION_STYLE_ASSIGNMENT((#1534));
#1467=PRESENTATION_STYLE_ASSIGNMENT((#1535));
#1468=PRESENTATION_STYLE_ASSIGNMENT((#1536));
#1469=PRESENTATION_STYLE_ASSIGNMENT((#1537));
#1470=PRESENTATION_STYLE_ASSIGNMENT((#1538));
#1471=PRESENTATION_STYLE_ASSIGNMENT((#1539));
#1472=PRESENTATION_STYLE_ASSIGNMENT((#1540));
#1473=PRESENTATION_STYLE_ASSIGNMENT((#1541));
#1474=PRESENTATION_STYLE_ASSIGNMENT((#1542));
#1475=PRESENTATION_STYLE_ASSIGNMENT((#1543));
#1476=PRESENTATION_STYLE_ASSIGNMENT((#1544));
#1477=PRESENTATION_STYLE_ASSIGNMENT((#1545));
#1478=PRESENTATION_STYLE_ASSIGNMENT((#1546));
#1479=PRESENTATION_STYLE_ASSIGNMENT((#1547));
#1480=PRESENTATION_STYLE_ASSIGNMENT((#1548));
#1481=PRESENTATION_STYLE_ASSIGNMENT((#1549));
#1482=PRESENTATION_STYLE_ASSIGNMENT((#1550));
#1483=PRESENTATION_STYLE_ASSIGNMENT((#1551));
#1484=PRESENTATION_STYLE_ASSIGNMENT((#1552));
#1485=PRESENTATION_STYLE_ASSIGNMENT((#1553));
#1486=PRESENTATION_STYLE_ASSIGNMENT((#1554));
#1487=PRESENTATION_STYLE_ASSIGNMENT((#1555));
#1488=PRESENTATION_STYLE_ASSIGNMENT((#1556));
#1489=PRESENTATION_STYLE_ASSIGNMENT((#1557));
#1490=PRESENTATION_STYLE_ASSIGNMENT((#1558));
#1491=PRESENTATION_STYLE_ASSIGNMENT((#1559));
#1492=PRESENTATION_STYLE_ASSIGNMENT((#1560));
#1493=PRESENTATION_STYLE_ASSIGNMENT((#1561));
#1494=PRESENTATION_STYLE_ASSIGNMENT((#1562));
#1495=PRESENTATION_STYLE_ASSIGNMENT((#1563));
#1496=PRESENTATION_STYLE_ASSIGNMENT((#1564));
#1497=PRESENTATION_STYLE_ASSIGNMENT((#1565));
#1498=PRESENTATION_STYLE_ASSIGNMENT((#1566));
#1499=PRESENTATION_STYLE_ASSIGNMENT((#1567));
#1500=PRESENTATION_STYLE_ASSIGNMENT((#1568));
#1501=PRESENTATION_STYLE_ASSIGNMENT((#1569));
#1502=PRESENTATION_STYLE_ASSIGNMENT((#1570));
#1503=PRESENTATION_STYLE_ASSIGNMENT((#1571));
#1504=PRESENTATION_STYLE_ASSIGNMENT((#1572));
#1505=PRESENTATION_STYLE_ASSIGNMENT((#1573));
#1506=PRESENTATION_STYLE_ASSIGNMENT((#1574));
#1507=PRESENTATION_STYLE_ASSIGNMENT((#1575));
#1508=PRESENTATION_STYLE_ASSIGNMENT((#1576));
#1509=PRESENTATION_STYLE_ASSIGNMENT((#1577));
#1510=PRESENTATION_STYLE_ASSIGNMENT((#1578));
#1511=PRESENTATION_STYLE_ASSIGNMENT((#1579));
#1512=PRESENTATION_STYLE_ASSIGNMENT((#1580));
#1513=PRESENTATION_STYLE_ASSIGNMENT((#1581));
#1514=SURFACE_STYLE_USAGE(.BOTH.,#1582);
#1515=SURFACE_STYLE_USAGE(.BOTH.,#1583);
#1516=SURFACE_STYLE_USAGE(.BOTH.,#1584);
#1517=SURFACE_STYLE_USAGE(.BOTH.,#1585);
#1518=SURFACE_STYLE_USAGE(.BOTH.,#1586);
#1519=SURFACE_STYLE_USAGE(.BOTH.,#1587);
#1520=SURFACE_STYLE_USAGE(.BOTH.,#1588);
#1521=SURFACE_STYLE_USAGE(.BOTH.,#1589);
#1522=SURFACE_STYLE_USAGE(.BOTH.,#1590);
#1523=SURFACE_STYLE_USAGE(.BOTH.,#1591);
#1524=SURFACE_STYLE_USAGE(.BOTH.,#1592);
#1525=SURFACE_STYLE_USAGE(.BOTH.,#1593);
#1526=SURFACE_STYLE_USAGE(.BOTH.,#1594);
#1527=SURFACE_STYLE_USAGE(.BOTH.,#1595);
#1528=SURFACE_STYLE_USAGE(.BOTH.,#1596);
#1529=SURFACE_STYLE_USAGE(.BOTH.,#1597);
#1530=SURFACE_STYLE_USAGE(.BOTH.,#1598);
#1531=SURFACE_STYLE_USAGE(.BOTH.,#1599);
#1532=SURFACE_STYLE_USAGE(.BOTH.,#1600);
#1533=SURFACE_STYLE_USAGE(.BOTH.,#1601);
#1534=SURFACE_STYLE_USAGE(.BOTH.,#1602);
#1535=SURFACE_STYLE_USAGE(.BOTH.,#1603);
#1536=SURFACE_STYLE_USAGE(.BOTH.,#1604);
#1537=SURFACE_STYLE_USAGE(.BOTH.,#1605);
#1538=SURFACE_STYLE_USAGE(.BOTH.,#1606);
#1539=SURFACE_STYLE_USAGE(.BOTH.,#1607);
#1540=SURFACE_STYLE_USAGE(.BOTH.,#1608);
#1541=SURFACE_STYLE_USAGE(.BOTH.,#1609);
#1542=SURFACE_STYLE_USAGE(.BOTH.,#1610);
#1543=SURFACE_STYLE_USAGE(.BOTH.,#1611);
#1544=SURFACE_STYLE_USAGE(.BOTH.,#1612);
#1545=SURFACE_STYLE_USAGE(.BOTH.,#1613);
#1546=SURFACE_STYLE_USAGE(.BOTH.,#1614);
#1547=SURFACE_STYLE_USAGE(.BOTH.,#1615);
#1548=SURFACE_STYLE_USAGE(.BOTH.,#1616);
#1549=SURFACE_STYLE_USAGE(.BOTH.,#1617);
#1550=SURFACE_STYLE_USAGE(.BOTH.,#1618);
#1551=SURFACE_STYLE_USAGE(.BOTH.,#1619);
#1552=SURFACE_STYLE_USAGE(.BOTH.,#1620);
#1553=SURFACE_STYLE_USAGE(.BOTH.,#1621);
#1554=SURFACE_STYLE_USAGE(.BOTH.,#1622);
#1555=SURFACE_STYLE_USAGE(.BOTH.,#1623);
#1556=SURFACE_STYLE_USAGE(.BOTH.,#1624);
#1557=SURFACE_STYLE_USAGE(.BOTH.,#1625);
#1558=SURFACE_STYLE_USAGE(.BOTH.,#1626);
#1559=SURFACE_STYLE_USAGE(.BOTH.,#1627);
#1560=SURFACE_STYLE_USAGE(.BOTH.,#1628);
#1561=SURFACE_STYLE_USAGE(.BOTH.,#1629);
#1562=SURFACE_STYLE_USAGE(.BOTH.,#1630);
#1563=SURFACE_STYLE_USAGE(.BOTH.,#1631);
#1564=SURFACE_STYLE_USAGE(.BOTH.,#1632);
#1565=SURFACE_STYLE_USAGE(.BOTH.,#1633);
#1566=SURFACE_STYLE_USAGE(.BOTH.,#1634);
#1567=SURFACE_STYLE_USAGE(.BOTH.,#1635);
#1568=SURFACE_STYLE_USAGE(.BOTH.,#1636);
#1569=SURFACE_STYLE_USAGE(.BOTH.,#1637);
#1570=SURFACE_STYLE_USAGE(.BOTH.,#1638);
#1571=SURFACE_STYLE_USAGE(.BOTH.,#1639);
#1572=SURFACE_STYLE_USAGE(.BOTH.,#1640);
#1573=SURFACE_STYLE_USAGE(.BOTH.,#1641);
#1574=SURFACE_STYLE_USAGE(.BOTH.,#1642);
#1575=SURFACE_STYLE_USAGE(.BOTH.,#1643);
#1576=SURFACE_STYLE_USAGE(.BOTH.,#1644);
#1577=SURFACE_STYLE_USAGE(.BOTH.,#1645);
#1578=SURFACE_STYLE_USAGE(.BOTH.,#1646);
#1579=SURFACE_STYLE_USAGE(.BOTH.,#1647);
#1580=SURFACE_STYLE_USAGE(.BOTH.,#1648);
#1581=SURFACE_STYLE_USAGE(.BOTH.,#1649);
#1582=SURFACE_SIDE_STYLE('',(#1650));
#1583=SURFACE_SIDE_STYLE('',(#1651));
#1584=SURFACE_SIDE_STYLE('',(#1652));
#1585=SURFACE_SIDE_STYLE('',(#1653));
#1586=SURFACE_SIDE_STYLE('',(#1654));
#1587=SURFACE_SIDE_STYLE('',(#1655));
#1588=SURFACE_SIDE_STYLE('',(#1656));
#1589=SURFACE_SIDE_STYLE('',(#1657));
#1590=SURFACE_SIDE_STYLE('',(#1658));
#1591=SURFACE_SIDE_STYLE('',(#1659));
#1592=SURFACE_SIDE_STYLE('',(#1660));
#1593=SURFACE_SIDE_STYLE('',(#1661));
#1594=SURFACE_SIDE_STYLE('',(#1662));
#1595=SURFACE_SIDE_STYLE('',(#1663));
#1596=SURFACE_SIDE_STYLE('',(#1664));
#1597=SURFACE_SIDE_STYLE('',(#1665));
#1598=SURFACE_SIDE_STYLE('',(#1666));
#1599=SURFACE_SIDE_STYLE('',(#1667));
#1600=SURFACE_SIDE_STYLE('',(#1668));
#1601=SURFACE_SIDE_STYLE('',(#1669));
#1602=SURFACE_SIDE_STYLE('',(#1670));
#1603=SURFACE_SIDE_STYLE('',(#1671));
#1604=SURFACE_SIDE_STYLE('',(#1672));
#1605=SURFACE_SIDE_STYLE('',(#1673));
#1606=SURFACE_SIDE_STYLE('',(#1674));
#1607=SURFACE_SIDE_STYLE('',(#1675));
#1608=SURFACE_SIDE_STYLE('',(#1676));
#1609=SURFACE_SIDE_STYLE('',(#1677));
#1610=SURFACE_SIDE_STYLE('',(#1678));
#1611=SURFACE_SIDE_STYLE('',(#1679));
#1612=SURFACE_SIDE_STYLE('',(#1680));
#1613=SURFACE_SIDE_STYLE('',(#1681));
#1614=SURFACE_SIDE_STYLE('',(#1682));
#1615=SURFACE_SIDE_STYLE('',(#1683));
#1616=SURFACE_SIDE_STYLE('',(#1684));
#1617=SURFACE_SIDE_STYLE('',(#1685));
#1618=SURFACE_SIDE_STYLE('',(#1686));
#1619=SURFACE_SIDE_STYLE('',(#1687));
#1620=SURFACE_SIDE_STYLE('',(#1688));
#1621=SURFACE_SIDE_STYLE('',(#1689));
#1622=SURFACE_SIDE_STYLE('',(#1690));
#1623=SURFACE_SIDE_STYLE('',(#1691));
#1624=SURFACE_SIDE_STYLE('',(#1692));
#1625=SURFACE_SIDE_STYLE('',(#1693));
#1626=SURFACE_SIDE_STYLE('',(#1694));
#1627=SURFACE_SIDE_STYLE('',(#1695));
#1628=SURFACE_SIDE_STYLE('',(#1696));
#1629=SURFACE_SIDE_STYLE('',(#1697));
#1630=SURFACE_SIDE_STYLE('',(#1698));
#1631=SURFACE_SIDE_STYLE('',(#1699));
#1632=SURFACE_SIDE_STYLE('',(#1700));
#1633=SURFACE_SIDE_STYLE('',(#1701));
#1634=SURFACE_SIDE_STYLE('',(#1702));
#1635=SURFACE_SIDE_STYLE('',(#1703));
#1636=SURFACE_SIDE_STYLE('',(#1704));
#1637=SURFACE_SIDE_STYLE('',(#1705));
#1638=SURFACE_SIDE_STYLE('',(#1706));
#1639=SURFACE_SIDE_STYLE('',(#1707));
#1640=SURFACE_SIDE_STYLE('',(#1708));
#1641=SURFACE_SIDE_STYLE('',(#1709));
#1642=SURFACE_SIDE_STYLE('',(#1710));
#1643=SURFACE_SIDE_STYLE('',(#1711));
#1644=SURFACE_SIDE_STYLE('',(#1712));
#1645=SURFACE_SIDE_STYLE('',(#1713));
#1646=SURFACE_SIDE_STYLE('',(#1714));
#1647=SURFACE_SIDE_STYLE('',(#1715));
#1648=SURFACE_SIDE_STYLE('',(#1716));
#1649=SURFACE_SIDE_STYLE('',(#1717));
#1650=SURFACE_STYLE_FILL_AREA(#1718);
#1651=SURFACE_STYLE_FILL_AREA(#1719);
#1652=SURFACE_STYLE_FILL_AREA(#1720);
#1653=SURFACE_STYLE_FILL_AREA(#1721);
#1654=SURFACE_STYLE_FILL_AREA(#1722);
#1655=SURFACE_STYLE_FILL_AREA(#1723);
#1656=SURFACE_STYLE_FILL_AREA(#1724);
#1657=SURFACE_STYLE_FILL_AREA(#1725);
#1658=SURFACE_STYLE_FILL_AREA(#1726);
#1659=SURFACE_STYLE_FILL_AREA(#1727);
#1660=SURFACE_STYLE_FILL_AREA(#1728);
#1661=SURFACE_STYLE_FILL_AREA(#1729);
#1662=SURFACE_STYLE_FILL_AREA(#1730);
#1663=SURFACE_STYLE_FILL_AREA(#1731);
#1664=SURFACE_STYLE_FILL_AREA(#1732);
#1665=SURFACE_STYLE_FILL_AREA(#1733);
#1666=SURFACE_STYLE_FILL_AREA(#1734);
#1667=SURFACE_STYLE_FILL_AREA(#1735);
#1668=SURFACE_STYLE_FILL_AREA(#1736);
#1669=SURFACE_STYLE_FILL_AREA(#1737);
#1670=SURFACE_STYLE_FILL_AREA(#1738);
#1671=SURFACE_STYLE_FILL_AREA(#1739);
#1672=SURFACE_STYLE_FILL_AREA(#1740);
#1673=SURFACE_STYLE_FILL_AREA(#1741);
#1674=SURFACE_STYLE_FILL_AREA(#1742);
#1675=SURFACE_STYLE_FILL_AREA(#1743);
#1676=SURFACE_STYLE_FILL_AREA(#1744);
#1677=SURFACE_STYLE_FILL_AREA(#1745);
#1678=SURFACE_STYLE_FILL_AREA(#1746);
#1679=SURFACE_STYLE_FILL_AREA(#1747);
#1680=SURFACE_STYLE_FILL_AREA(#1748);
#1681=SURFACE_STYLE_FILL_AREA(#1749);
#1682=SURFACE_STYLE_FILL_AREA(#1750);
#1683=SURFACE_STYLE_FILL_AREA(#1751);
#1684=SURFACE_STYLE_FILL_AREA(#1752);
#1685=SURFACE_STYLE_FILL_AREA(#1753);
#1686=SURFACE_STYLE_FILL_AREA(#1754);
#1687=SURFACE_STYLE_FILL_AREA(#1755);
#1688=SURFACE_STYLE_FILL_AREA(#1756);
#1689=SURFACE_STYLE_FILL_AREA(#1757);
#1690=SURFACE_STYLE_FILL_AREA(#1758);
#1691=SURFACE_STYLE_FILL_AREA(#1759);
#1692=SURFACE_STYLE_FILL_AREA(#1760);
#1693=SURFACE_STYLE_FILL_AREA(#1761);
#1694=SURFACE_STYLE_FILL_AREA(#1762);
#1695=SURFACE_STYLE_FILL_AREA(#1763);
#1696=SURFACE_STYLE_FILL_AREA(#1764);
#1697=SURFACE_STYLE_FILL_AREA(#1765);
#1698=SURFACE_STYLE_FILL_AREA(#1766);
#1699=SURFACE_STYLE_FILL_AREA(#1767);
#1700=SURFACE_STYLE_FILL_AREA(#1768);
#1701=SURFACE_STYLE_FILL_AREA(#1769);
#1702=SURFACE_STYLE_FILL_AREA(#1770);
#1703=SURFACE_STYLE_FILL_AREA(#1771);
#1704=SURFACE_STYLE_FILL_AREA(#1772);
#1705=SURFACE_STYLE_FILL_AREA(#1773);
#1706=SURFACE_STYLE_FILL_AREA(#1774);
#1707=SURFACE_STYLE_FILL_AREA(#1775);
#1708=SURFACE_STYLE_FILL_AREA(#1776);
#1709=SURFACE_STYLE_FILL_AREA(#1777);
#1710=SURFACE_STYLE_FILL_AREA(#1778);
#1711=SURFACE_STYLE_FILL_AREA(#1779);
#1712=SURFACE_STYLE_FILL_AREA(#1780);
#1713=SURFACE_STYLE_FILL_AREA(#1781);
#1714=SURFACE_STYLE_FILL_AREA(#1782);
#1715=SURFACE_STYLE_FILL_AREA(#1783);
#1716=SURFACE_STYLE_FILL_AREA(#1784);
#1717=SURFACE_STYLE_FILL_AREA(#1785);
#1718=FILL_AREA_STYLE('',(#1786));
#1719=FILL_AREA_STYLE('',(#1787));
#1720=FILL_AREA_STYLE('',(#1788));
#1721=FILL_AREA_STYLE('',(#1789));
#1722=FILL_AREA_STYLE('',(#1790));
#1723=FILL_AREA_STYLE('',(#1791));
#1724=FILL_AREA_STYLE('',(#1792));
#1725=FILL_AREA_STYLE('',(#1793));
#1726=FILL_AREA_STYLE('',(#1794));
#1727=FILL_AREA_STYLE('',(#1795));
#1728=FILL_AREA_STYLE('',(#1796));
#1729=FILL_AREA_STYLE('',(#1797));
#1730=FILL_AREA_STYLE('',(#1798));
#1731=FILL_AREA_STYLE('',(#1799));
#1732=FILL_AREA_STYLE('',(#1800));
#1733=FILL_AREA_STYLE('',(#1801));
#1734=FILL_AREA_STYLE('',(#1802));
#1735=FILL_AREA_STYLE('',(#1803));
#1736=FILL_AREA_STYLE('',(#1804));
#1737=FILL_AREA_STYLE('',(#1805));
#1738=FILL_AREA_STYLE('',(#1806));
#1739=FILL_AREA_STYLE('',(#1807));
#1740=FILL_AREA_STYLE('',(#1808));
#1741=FILL_AREA_STYLE('',(#1809));
#1742=FILL_AREA_STYLE('',(#1810));
#1743=FILL_AREA_STYLE('',(#1811));
#1744=FILL_AREA_STYLE('',(#1812));
#1745=FILL_AREA_STYLE('',(#1813));
#1746=FILL_AREA_STYLE('',(#1814));
#1747=FILL_AREA_STYLE('',(#1815));
#1748=FILL_AREA_STYLE('',(#1816));
#1749=FILL_AREA_STYLE('',(#1817));
#1750=FILL_AREA_STYLE('',(#1818));
#1751=FILL_AREA_STYLE('',(#1819));
#1752=FILL_AREA_STYLE('',(#1820));
#1753=FILL_AREA_STYLE('',(#1821));
#1754=FILL_AREA_STYLE('',(#1822));
#1755=FILL_AREA_STYLE('',(#1823));
#1756=FILL_AREA_STYLE('',(#1824));
#1757=FILL_AREA_STYLE('',(#1825));
#1758=FILL_AREA_STYLE('',(#1826));
#1759=FILL_AREA_STYLE('',(#1827));
#1760=FILL_AREA_STYLE('',(#1828));
#1761=FILL_AREA_STYLE('',(#1829));
#1762=FILL_AREA_STYLE('',(#1830));
#1763=FILL_AREA_STYLE('',(#1831));
#1764=FILL_AREA_STYLE('',(#1832));
#1765=FILL_AREA_STYLE('',(#1833));
#1766=FILL_AREA_STYLE('',(#1834));
#1767=FILL_AREA_STYLE('',(#1835));
#1768=FILL_AREA_STYLE('',(#1836));
#1769=FILL_AREA_STYLE('',(#1837));
#1770=FILL_AREA_STYLE('',(#1838));
#1771=FILL_AREA_STYLE('',(#1839));
#1772=FILL_AREA_STYLE('',(#1840));
#1773=FILL_AREA_STYLE('',(#1841));
#1774=FILL_AREA_STYLE('',(#1842));
#1775=FILL_AREA_STYLE('',(#1843));
#1776=FILL_AREA_STYLE('',(#1844));
#1777=FILL_AREA_STYLE('',(#1845));
#1778=FILL_AREA_STYLE('',(#1846));
#1779=FILL_AREA_STYLE('',(#1847));
#1780=FILL_AREA_STYLE('',(#1848));
#1781=FILL_AREA_STYLE('',(#1849));
#1782=FILL_AREA_STYLE('',(#1850));
#1783=FILL_AREA_STYLE('',(#1851));
#1784=FILL_AREA_STYLE('',(#1852));
#1785=FILL_AREA_STYLE('',(#1853));
#1786=FILL_AREA_STYLE_COLOUR('',#1854);
#1787=FILL_AREA_STYLE_COLOUR('',#1855);
#1788=FILL_AREA_STYLE_COLOUR('',#1854);
#1789=FILL_AREA_STYLE_COLOUR('',#1854);
#1790=FILL_AREA_STYLE_COLOUR('',#1855);
#1791=FILL_AREA_STYLE_COLOUR('',#1855);
#1792=FILL_AREA_STYLE_COLOUR('',#1854);
#1793=FILL_AREA_STYLE_COLOUR('',#1854);
#1794=FILL_AREA_STYLE_COLOUR('',#1854);
#1795=FILL_AREA_STYLE_COLOUR('',#1854);
#1796=FILL_AREA_STYLE_COLOUR('',#1855);
#1797=FILL_AREA_STYLE_COLOUR('',#1854);
#1798=FILL_AREA_STYLE_COLOUR('',#1854);
#1799=FILL_AREA_STYLE_COLOUR('',#1854);
#1800=FILL_AREA_STYLE_COLOUR('',#1854);
#1801=FILL_AREA_STYLE_COLOUR('',#1855);
#1802=FILL_AREA_STYLE_COLOUR('',#1854);
#1803=FILL_AREA_STYLE_COLOUR('',#1854);
#1804=FILL_AREA_STYLE_COLOUR('',#1854);
#1805=FILL_AREA_STYLE_COLOUR('',#1854);
#1806=FILL_AREA_STYLE_COLOUR('',#1854);
#1807=FILL_AREA_STYLE_COLOUR('',#1854);
#1808=FILL_AREA_STYLE_COLOUR('',#1854);
#1809=FILL_AREA_STYLE_COLOUR('',#1854);
#1810=FILL_AREA_STYLE_COLOUR('',#1854);
#1811=FILL_AREA_STYLE_COLOUR('',#1854);
#1812=FILL_AREA_STYLE_COLOUR('',#1854);
#1813=FILL_AREA_STYLE_COLOUR('',#1854);
#1814=FILL_AREA_STYLE_COLOUR('',#1855);
#1815=FILL_AREA_STYLE_COLOUR('',#1855);
#1816=FILL_AREA_STYLE_COLOUR('',#1855);
#1817=FILL_AREA_STYLE_COLOUR('',#1855);
#1818=FILL_AREA_STYLE_COLOUR('',#1855);
#1819=FILL_AREA_STYLE_COLOUR('',#1855);
#1820=FILL_AREA_STYLE_COLOUR('',#1855);
#1821=FILL_AREA_STYLE_COLOUR('',#1855);
#1822=FILL_AREA_STYLE_COLOUR('',#1855);
#1823=FILL_AREA_STYLE_COLOUR('',#1855);
#1824=FILL_AREA_STYLE_COLOUR('',#1855);
#1825=FILL_AREA_STYLE_COLOUR('',#1855);
#1826=FILL_AREA_STYLE_COLOUR('',#1855);
#1827=FILL_AREA_STYLE_COLOUR('',#1855);
#1828=FILL_AREA_STYLE_COLOUR('',#1855);
#1829=FILL_AREA_STYLE_COLOUR('',#1855);
#1830=FILL_AREA_STYLE_COLOUR('',#1855);
#1831=FILL_AREA_STYLE_COLOUR('',#1855);
#1832=FILL_AREA_STYLE_COLOUR('',#1855);
#1833=FILL_AREA_STYLE_COLOUR('',#1855);
#1834=FILL_AREA_STYLE_COLOUR('',#1855);
#1835=FILL_AREA_STYLE_COLOUR('',#1855);
#1836=FILL_AREA_STYLE_COLOUR('',#1855);
#1837=FILL_AREA_STYLE_COLOUR('',#1855);
#1838=FILL_AREA_STYLE_COLOUR('',#1855);
#1839=FILL_AREA_STYLE_COLOUR('',#1855);
#1840=FILL_AREA_STYLE_COLOUR('',#1855);
#1841=FILL_AREA_STYLE_COLOUR('',#1855);
#1842=FILL_AREA_STYLE_COLOUR('',#1855);
#1843=FILL_AREA_STYLE_COLOUR('',#1855);
#1844=FILL_AREA_STYLE_COLOUR('',#1855);
#1845=FILL_AREA_STYLE_COLOUR('',#1855);
#1846=FILL_AREA_STYLE_COLOUR('',#1855);
#1847=FILL_AREA_STYLE_COLOUR('',#1855);
#1848=FILL_AREA_STYLE_COLOUR('',#1855);
#1849=FILL_AREA_STYLE_COLOUR('',#1855);
#1850=FILL_AREA_STYLE_COLOUR('',#1855);
#1851=FILL_AREA_STYLE_COLOUR('',#1855);
#1852=FILL_AREA_STYLE_COLOUR('',#1855);
#1853=FILL_AREA_STYLE_COLOUR('',#1855);
#1854=COLOUR_RGB('',0.200000002980232,0.200000002980232,0.200000002980232);
#1855=COLOUR_RGB('',0.699999988079071,0.699999988079071,0.699999988079071);
#1856=ADVANCED_FACE('',(#1254),#1322,.T.);
#1857=ADVANCED_FACE('',(#1255),#1323,.F.);
#1858=ADVANCED_FACE('',(#1256),#1324,.F.);
#1859=ADVANCED_FACE('',(#1257),#1325,.F.);
#1860=ADVANCED_FACE('',(#1258),#1326,.F.);
#1861=ADVANCED_FACE('',(#1259),#1327,.F.);
#1862=ADVANCED_FACE('',(#1260),#1328,.F.);
#1863=ADVANCED_FACE('',(#1261),#1329,.F.);
#1864=ADVANCED_FACE('',(#1262),#1330,.F.);
#1865=ADVANCED_FACE('',(#1263),#1331,.F.);
#1866=ADVANCED_FACE('',(#1264),#1332,.F.);
#1867=ADVANCED_FACE('',(#1265),#1333,.T.);
#1868=ADVANCED_FACE('',(#1266),#1334,.T.);
#1869=ADVANCED_FACE('',(#1267),#1335,.T.);
#1870=ADVANCED_FACE('',(#1268),#1336,.T.);
#1871=ADVANCED_FACE('',(#1269),#1337,.F.);
#1872=ADVANCED_FACE('',(#1270),#36,.T.);
#1873=ADVANCED_FACE('',(#1271),#20,.T.);
#1874=ADVANCED_FACE('',(#1272),#37,.T.);
#1875=ADVANCED_FACE('',(#1273),#38,.T.);
#1876=ADVANCED_FACE('',(#1274),#39,.T.);
#1877=ADVANCED_FACE('',(#1275),#40,.T.);
#1878=ADVANCED_FACE('',(#1276),#21,.T.);
#1879=ADVANCED_FACE('',(#1277),#22,.T.);
#1880=ADVANCED_FACE('',(#1278),#41,.T.);
#1881=ADVANCED_FACE('',(#1279),#42,.T.);
#1882=ADVANCED_FACE('',(#1280),#23,.T.);
#1883=ADVANCED_FACE('',(#1281),#43,.T.);
#1884=ADVANCED_FACE('',(#1282),#1338,.T.);
#1885=ADVANCED_FACE('',(#1283),#1339,.T.);
#1886=ADVANCED_FACE('',(#1284),#1340,.T.);
#1887=ADVANCED_FACE('',(#1285),#1341,.T.);
#1888=ADVANCED_FACE('',(#1286),#1342,.T.);
#1889=ADVANCED_FACE('',(#1287),#1343,.F.);
#1890=ADVANCED_FACE('',(#1288),#1344,.F.);
#1891=ADVANCED_FACE('',(#1289),#1345,.F.);
#1892=ADVANCED_FACE('',(#1290),#1346,.T.);
#1893=ADVANCED_FACE('',(#1291),#1347,.F.);
#1894=ADVANCED_FACE('',(#1292),#1348,.F.);
#1895=ADVANCED_FACE('',(#1293),#1349,.F.);
#1896=ADVANCED_FACE('',(#1294),#1350,.F.);
#1897=ADVANCED_FACE('',(#1295),#1351,.T.);
#1898=ADVANCED_FACE('',(#1296),#1352,.T.);
#1899=ADVANCED_FACE('',(#1297),#1353,.T.);
#1900=ADVANCED_FACE('',(#1298),#1354,.F.);
#1901=ADVANCED_FACE('',(#1299),#1355,.T.);
#1902=ADVANCED_FACE('',(#1300),#1356,.T.);
#1903=ADVANCED_FACE('',(#1301),#1357,.T.);
#1904=ADVANCED_FACE('',(#1302),#1358,.T.);
#1905=ADVANCED_FACE('',(#1303),#1359,.T.);
#1906=ADVANCED_FACE('',(#1304),#1360,.T.);
#1907=ADVANCED_FACE('',(#1305),#1361,.T.);
#1908=ADVANCED_FACE('',(#1306),#1362,.T.);
#1909=ADVANCED_FACE('',(#1307),#1363,.T.);
#1910=ADVANCED_FACE('',(#1308),#1364,.T.);
#1911=ADVANCED_FACE('',(#1309),#1365,.T.);
#1912=ADVANCED_FACE('',(#1310),#1366,.T.);
#1913=ADVANCED_FACE('',(#1311),#1367,.T.);
#1914=ADVANCED_FACE('',(#1312),#1368,.T.);
#1915=ADVANCED_FACE('',(#1313),#1369,.T.);
#1916=ADVANCED_FACE('',(#1314),#1370,.T.);
#1917=ADVANCED_FACE('',(#1315),#1371,.T.);
#1918=ADVANCED_FACE('',(#1316),#1372,.T.);
#1919=ADVANCED_FACE('',(#1317),#1373,.T.);
#1920=ADVANCED_FACE('',(#1318),#1374,.T.);
#1921=ADVANCED_FACE('',(#1319),#1375,.T.);
#1922=ADVANCED_FACE('',(#1320),#1376,.T.);
#1923=ADVANCED_FACE('',(#1321),#1377,.T.);
#1924=CLOSED_SHELL('',(#1856,#1857,#1858,#1859,#1860,#1861,#1862,#1863,
#1864,#1865,#1866,#1867,#1868,#1869,#1870,#1871,#1872,#1873,#1874,#1875,
#1876,#1877,#1878,#1879,#1880,#1881,#1882,#1883,#1884,#1885,#1886,#1887,
#1888,#1889,#1890,#1891,#1892,#1893,#1894,#1895,#1896,#1897,#1898,#1899,
#1900,#1901,#1902,#1903,#1904,#1905,#1906,#1907,#1908,#1909,#1910,#1911,
#1912,#1913,#1914,#1915,#1916,#1917,#1918,#1919,#1920,#1921,#1922,#1923));
#1925=MANIFOLD_SOLID_BREP('',#1924);
#1926=SHAPE_DEFINITION_REPRESENTATION(#2794,#1927);
#1927=SHAPE_REPRESENTATION('MCG6D0N03YL-TP',(#1928),#2789);
#1928=AXIS2_PLACEMENT_3D('',#2373,#2013,#2014);
#1929=AXIS2_PLACEMENT_3D('',#2374,#2015,#2016);
#1930=AXIS2_PLACEMENT_3D('',#2415,#2037,#2038);
#1931=AXIS2_PLACEMENT_3D('',#2528,#2095,#2096);
#1932=AXIS2_PLACEMENT_3D('',#2531,#2098,#2099);
#1933=AXIS2_PLACEMENT_3D('',#2534,#2101,#2102);
#1934=AXIS2_PLACEMENT_3D('',#2550,#2112,#2113);
#1935=AXIS2_PLACEMENT_3D('',#2555,#2116,#2117);
#1936=AXIS2_PLACEMENT_3D('',#2561,#2121,#2122);
#1937=AXIS2_PLACEMENT_3D('',#2567,#2126,#2127);
#1938=AXIS2_PLACEMENT_3D('',#2573,#2131,#2132);
#1939=AXIS2_PLACEMENT_3D('',#2575,#2134,#2135);
#1940=AXIS2_PLACEMENT_3D('',#2577,#2137,#2138);
#1941=AXIS2_PLACEMENT_3D('',#2580,#2140,#2141);
#1942=AXIS2_PLACEMENT_3D('',#2583,#2143,#2144);
#1943=AXIS2_PLACEMENT_3D('',#2585,#2146,#2147);
#1944=AXIS2_PLACEMENT_3D('',#2591,#2151,#2152);
#1945=AXIS2_PLACEMENT_3D('',#2617,#2168,#2169);
#1946=AXIS2_PLACEMENT_3D('',#2628,#2176,#2177);
#1947=AXIS2_PLACEMENT_3D('',#2639,#2184,#2185);
#1948=AXIS2_PLACEMENT_3D('',#2648,#2190,#2191);
#1949=AXIS2_PLACEMENT_3D('',#2654,#2195,#2196);
#1950=AXIS2_PLACEMENT_3D('',#2655,#2197,#2198);
#1951=AXIS2_PLACEMENT_3D('',#2656,#2199,#2200);
#1952=AXIS2_PLACEMENT_3D('',#2657,#2201,#2202);
#1953=AXIS2_PLACEMENT_3D('',#2658,#2203,#2204);
#1954=AXIS2_PLACEMENT_3D('',#2659,#2205,#2206);
#1955=AXIS2_PLACEMENT_3D('',#2660,#2207,#2208);
#1956=AXIS2_PLACEMENT_3D('',#2661,#2209,#2210);
#1957=AXIS2_PLACEMENT_3D('',#2662,#2211,#2212);
#1958=AXIS2_PLACEMENT_3D('',#2663,#2213,#2214);
#1959=AXIS2_PLACEMENT_3D('',#2664,#2215,#2216);
#1960=AXIS2_PLACEMENT_3D('',#2665,#2217,#2218);
#1961=AXIS2_PLACEMENT_3D('',#2666,#2219,#2220);
#1962=AXIS2_PLACEMENT_3D('',#2667,#2221,#2222);
#1963=AXIS2_PLACEMENT_3D('',#2668,#2223,#2224);
#1964=AXIS2_PLACEMENT_3D('',#2669,#2225,#2226);
#1965=AXIS2_PLACEMENT_3D('',#2670,#2227,#2228);
#1966=AXIS2_PLACEMENT_3D('',#2671,#2229,#2230);
#1967=AXIS2_PLACEMENT_3D('',#2672,#2231,#2232);
#1968=AXIS2_PLACEMENT_3D('',#2673,#2233,#2234);
#1969=AXIS2_PLACEMENT_3D('',#2674,#2235,#2236);
#1970=AXIS2_PLACEMENT_3D('',#2675,#2237,#2238);
#1971=AXIS2_PLACEMENT_3D('',#2676,#2239,#2240);
#1972=AXIS2_PLACEMENT_3D('',#2677,#2241,#2242);
#1973=AXIS2_PLACEMENT_3D('',#2678,#2243,#2244);
#1974=AXIS2_PLACEMENT_3D('',#2684,#2248,#2249);
#1975=AXIS2_PLACEMENT_3D('',#2686,#2251,#2252);
#1976=AXIS2_PLACEMENT_3D('',#2688,#2254,#2255);
#1977=AXIS2_PLACEMENT_3D('',#2689,#2256,#2257);
#1978=AXIS2_PLACEMENT_3D('',#2695,#2261,#2262);
#1979=AXIS2_PLACEMENT_3D('',#2697,#2264,#2265);
#1980=AXIS2_PLACEMENT_3D('',#2699,#2267,#2268);
#1981=AXIS2_PLACEMENT_3D('',#2700,#2269,#2270);
#1982=AXIS2_PLACEMENT_3D('',#2706,#2274,#2275);
#1983=AXIS2_PLACEMENT_3D('',#2708,#2277,#2278);
#1984=AXIS2_PLACEMENT_3D('',#2710,#2280,#2281);
#1985=AXIS2_PLACEMENT_3D('',#2711,#2282,#2283);
#1986=AXIS2_PLACEMENT_3D('',#2717,#2287,#2288);
#1987=AXIS2_PLACEMENT_3D('',#2719,#2290,#2291);
#1988=AXIS2_PLACEMENT_3D('',#2721,#2293,#2294);
#1989=AXIS2_PLACEMENT_3D('',#2722,#2295,#2296);
#1990=AXIS2_PLACEMENT_3D('',#2728,#2300,#2301);
#1991=AXIS2_PLACEMENT_3D('',#2730,#2303,#2304);
#1992=AXIS2_PLACEMENT_3D('',#2732,#2306,#2307);
#1993=AXIS2_PLACEMENT_3D('',#2733,#2308,#2309);
#1994=AXIS2_PLACEMENT_3D('',#2739,#2313,#2314);
#1995=AXIS2_PLACEMENT_3D('',#2741,#2316,#2317);
#1996=AXIS2_PLACEMENT_3D('',#2743,#2319,#2320);
#1997=AXIS2_PLACEMENT_3D('',#2744,#2321,#2322);
#1998=AXIS2_PLACEMENT_3D('',#2750,#2326,#2327);
#1999=AXIS2_PLACEMENT_3D('',#2752,#2329,#2330);
#2000=AXIS2_PLACEMENT_3D('',#2754,#2332,#2333);
#2001=AXIS2_PLACEMENT_3D('',#2755,#2334,#2335);
#2002=AXIS2_PLACEMENT_3D('',#2761,#2339,#2340);
#2003=AXIS2_PLACEMENT_3D('',#2763,#2342,#2343);
#2004=AXIS2_PLACEMENT_3D('',#2765,#2345,#2346);
#2005=AXIS2_PLACEMENT_3D('',#2766,#2347,#2348);
#2006=AXIS2_PLACEMENT_3D('',#2772,#2352,#2353);
#2007=AXIS2_PLACEMENT_3D('',#2774,#2355,#2356);
#2008=AXIS2_PLACEMENT_3D('',#2776,#2358,#2359);
#2009=AXIS2_PLACEMENT_3D('',#2777,#2360,#2361);
#2010=AXIS2_PLACEMENT_3D('',#2781,#2364,#2365);
#2011=AXIS2_PLACEMENT_3D('',#2785,#2368,#2369);
#2012=AXIS2_PLACEMENT_3D('',#2787,#2371,#2372);
#2013=DIRECTION('',(0.,0.,1.));
#2014=DIRECTION('',(1.,0.,0.));
#2015=DIRECTION('',(0.,0.992546151641322,0.121869343405147));
#2016=DIRECTION('',(0.,-0.121869343405147,0.992546151641322));
#2017=DIRECTION('',(1.,0.,0.));
#2018=DIRECTION('',(0.,0.121869343405147,-0.992546151641322));
#2019=DIRECTION('',(-1.,0.,0.));
#2020=DIRECTION('',(0.,-0.121869343405147,0.992546151641322));
#2021=DIRECTION('',(1.,0.,0.));
#2022=DIRECTION('',(0.,0.121869343405147,-0.992546151641322));
#2023=DIRECTION('',(-1.,0.,0.));
#2024=DIRECTION('',(0.,-0.121869343405147,0.992546151641322));
#2025=DIRECTION('',(1.,0.,0.));
#2026=DIRECTION('',(-2.64262013758486E-17,-0.121869343405147,0.992546151641322));
#2027=DIRECTION('',(1.,0.,0.));
#2028=DIRECTION('',(2.40238194325896E-17,0.121869343405147,-0.992546151641322));
#2029=DIRECTION('',(1.,0.,0.));
#2030=DIRECTION('',(0.,-0.121869343405147,0.992546151641322));
#2031=DIRECTION('',(1.,0.,0.));
#2032=DIRECTION('',(9.67762107649027E-17,0.121869343405147,-0.992546151641322));
#2033=DIRECTION('',(1.,0.,0.));
#2034=DIRECTION('',(0.120974291151355,-0.120974291151355,0.985256536015293));
#2035=DIRECTION('',(-1.,0.,0.));
#2036=DIRECTION('',(-0.120974291151355,-0.120974291151355,0.985256536015293));
#2037=DIRECTION('',(0.,0.,1.));
#2038=DIRECTION('',(1.,0.,0.));
#2039=DIRECTION('',(-1.,0.,0.));
#2040=DIRECTION('',(1.,0.,0.));
#2041=DIRECTION('',(0.,-1.,0.));
#2042=DIRECTION('',(-1.,0.,0.));
#2043=DIRECTION('',(-1.,0.,0.));
#2044=DIRECTION('',(-0.725469520981398,-0.688254294666602,0.));
#2045=DIRECTION('',(0.,-1.,0.));
#2046=DIRECTION('',(-0.999812852063228,-0.0193458225256435,0.));
#2047=DIRECTION('',(0.,1.,0.));
#2048=DIRECTION('',(0.,-1.,0.));
#2049=DIRECTION('',(-1.,0.,0.));
#2050=DIRECTION('',(3.97049036537334E-16,1.,0.));
#2051=DIRECTION('',(-2.72368085859452E-16,-1.,0.));
#2052=DIRECTION('',(-0.999438675320722,0.0335012577847506,0.));
#2053=DIRECTION('',(0.,1.,0.));
#2054=DIRECTION('',(-1.,0.,0.));
#2055=DIRECTION('',(0.,1.,0.));
#2056=DIRECTION('',(1.,0.,0.));
#2057=DIRECTION('',(2.71050543121376E-16,1.,0.));
#2058=DIRECTION('',(-4.33680868994201E-16,-1.,0.));
#2059=DIRECTION('',(-1.,7.2280144832367E-16,0.));
#2060=DIRECTION('',(1.97127667724637E-16,1.,0.));
#2061=DIRECTION('',(-2.03287907341032E-16,-1.,0.));
#2062=DIRECTION('',(1.,0.,0.));
#2063=DIRECTION('',(4.84018827002464E-16,1.,0.));
#2064=DIRECTION('',(-1.,0.,0.));
#2065=DIRECTION('',(0.,1.,0.));
#2066=DIRECTION('',(1.,0.,0.));
#2067=DIRECTION('',(0.,-1.,0.));
#2068=DIRECTION('',(0.,-1.,0.));
#2069=DIRECTION('',(-1.,0.,0.));
#2070=DIRECTION('',(0.,1.,0.));
#2071=DIRECTION('',(0.,1.,0.));
#2072=DIRECTION('',(1.,0.,0.));
#2073=DIRECTION('',(0.,1.,0.));
#2074=DIRECTION('',(-1.,0.,0.));
#2075=DIRECTION('',(0.,1.,0.));
#2076=DIRECTION('',(0.999438675320722,0.0335012577847503,0.));
#2077=DIRECTION('',(0.,-1.,0.));
#2078=DIRECTION('',(0.,-1.,0.));
#2079=DIRECTION('',(-1.,0.,0.));
#2080=DIRECTION('',(0.,1.,0.));
#2081=DIRECTION('',(-5.44736171718905E-16,1.,0.));
#2082=DIRECTION('',(0.999812852063228,-0.0193458225256438,0.));
#2083=DIRECTION('',(-3.21624529935327E-16,-1.,0.));
#2084=DIRECTION('',(0.725469520981397,-0.688254294666602,0.));
#2085=DIRECTION('',(1.,-3.21624529935327E-16,0.));
#2086=DIRECTION('',(-1.,3.61400724161835E-16,0.));
#2087=DIRECTION('',(0.,1.,0.));
#2088=DIRECTION('',(1.,-3.60431743195249E-16,0.));
#2089=DIRECTION('',(1.,-3.21624529935327E-16,0.));
#2090=DIRECTION('',(-0.582118244025412,-0.81310414460435,0.));
#2091=DIRECTION('',(-3.21624529935327E-16,-1.,0.));
#2092=DIRECTION('',(1.,0.,0.));
#2093=DIRECTION('',(0.,-1.,0.));
#2094=DIRECTION('',(0.582118244025411,-0.81310414460435,0.));
#2095=DIRECTION('',(0.,0.,1.));
#2096=DIRECTION('',(1.,0.,0.));
#2097=DIRECTION('',(0.,-1.,0.));
#2098=DIRECTION('',(0.,0.,1.));
#2099=DIRECTION('',(0.707106781186548,-0.707106781186548,0.));
#2100=DIRECTION('',(-1.,0.,0.));
#2101=DIRECTION('',(0.,0.,1.));
#2102=DIRECTION('',(1.,0.,0.));
#2103=DIRECTION('',(-2.71050543121376E-16,-1.,0.));
#2104=DIRECTION('',(1.,0.,0.));
#2105=DIRECTION('',(2.71050543121376E-16,1.,0.));
#2106=DIRECTION('',(6.7762635780344E-17,1.,0.));
#2107=DIRECTION('',(-1.,0.,0.));
#2108=DIRECTION('',(0.,-1.,0.));
#2109=DIRECTION('',(0.,1.,0.));
#2110=DIRECTION('',(-1.,0.,0.));
#2111=DIRECTION('',(0.,-1.,0.));
#2112=DIRECTION('',(0.,0.,1.));
#2113=DIRECTION('',(0.707106781186548,0.707106781186548,0.));
#2114=DIRECTION('',(0.,-1.,0.));
#2115=DIRECTION('',(0.,1.,0.));
#2116=DIRECTION('',(0.,0.,1.));
#2117=DIRECTION('',(-0.707106781186548,0.707106781186548,0.));
#2118=DIRECTION('',(-5.44736171718905E-16,-1.,0.));
#2119=DIRECTION('',(1.,0.,0.));
#2120=DIRECTION('',(2.72368085859452E-16,1.,0.));
#2121=DIRECTION('',(0.,0.,1.));
#2122=DIRECTION('',(1.,0.,0.));
#2123=DIRECTION('',(0.,1.,0.));
#2124=DIRECTION('',(1.,0.,0.));
#2125=DIRECTION('',(0.,-1.,0.));
#2126=DIRECTION('',(0.,0.,1.));
#2127=DIRECTION('',(1.,0.,0.));
#2128=DIRECTION('',(0.,1.,0.));
#2129=DIRECTION('',(1.,0.,0.));
#2130=DIRECTION('',(0.,-1.,0.));
#2131=DIRECTION('',(0.,0.,1.));
#2132=DIRECTION('',(1.,0.,0.));
#2133=DIRECTION('',(-1.,0.,0.));
#2134=DIRECTION('',(0.,0.,1.));
#2135=DIRECTION('',(1.,0.,0.));
#2136=DIRECTION('',(-1.,0.,0.));
#2137=DIRECTION('',(0.,0.,1.));
#2138=DIRECTION('',(1.,0.,0.));
#2139=DIRECTION('',(-1.,0.,0.));
#2140=DIRECTION('',(0.,0.,1.));
#2141=DIRECTION('',(-0.707106781186548,-0.707106781186548,0.));
#2142=DIRECTION('',(0.,1.,0.));
#2143=DIRECTION('',(0.,0.,1.));
#2144=DIRECTION('',(1.,0.,0.));
#2145=DIRECTION('',(-1.,0.,0.));
#2146=DIRECTION('',(0.,0.,1.));
#2147=DIRECTION('',(1.,0.,0.));
#2148=DIRECTION('',(-1.97127667724637E-16,-1.,0.));
#2149=DIRECTION('',(-1.,7.2280144832367E-16,0.));
#2150=DIRECTION('',(2.16840434497101E-16,1.,0.));
#2151=DIRECTION('',(0.,-0.992546151641322,0.121869343405147));
#2152=DIRECTION('',(0.,-0.121869343405147,-0.992546151641322));
#2153=DIRECTION('',(-1.,0.,0.));
#2154=DIRECTION('',(0.,0.121869343405147,0.992546151641322));
#2155=DIRECTION('',(-0.120974291151355,0.120974291151355,0.985256536015293));
#2156=DIRECTION('',(1.,0.,0.));
#2157=DIRECTION('',(0.120974291151355,0.120974291151355,0.985256536015293));
#2158=DIRECTION('',(0.,-0.121869343405147,-0.992546151641322));
#2159=DIRECTION('',(-1.,0.,0.));
#2160=DIRECTION('',(0.,0.121869343405147,0.992546151641322));
#2161=DIRECTION('',(0.,-0.121869343405147,-0.992546151641322));
#2162=DIRECTION('',(-1.,0.,0.));
#2163=DIRECTION('',(0.,0.121869343405147,0.992546151641322));
#2164=DIRECTION('',(-2.40238194325896E-17,-0.121869343405147,-0.992546151641322));
#2165=DIRECTION('',(-1.,0.,0.));
#2166=DIRECTION('',(5.2852402751697E-17,0.121869343405147,0.992546151641322));
#2167=DIRECTION('',(-4.83881053824513E-17,-0.121869343405147,-0.992546151641322));
#2168=DIRECTION('',(0.992546151641322,0.,0.121869343405147));
#2169=DIRECTION('',(0.121869343405147,0.,-0.992546151641322));
#2170=DIRECTION('',(0.121869343405147,0.,-0.992546151641322));
#2171=DIRECTION('',(0.,-1.,0.));
#2172=DIRECTION('',(-0.121869343405147,0.,0.992546151641322));
#2173=DIRECTION('',(-0.120974291151355,-0.120974291151355,0.985256536015293));
#2174=DIRECTION('',(0.,1.,0.));
#2175=DIRECTION('',(-0.120974291151355,0.120974291151355,0.985256536015293));
#2176=DIRECTION('',(-0.992546151641322,0.,0.121869343405147));
#2177=DIRECTION('',(0.121869343405147,0.,0.992546151641322));
#2178=DIRECTION('',(0.,1.,0.));
#2179=DIRECTION('',(0.121869343405147,-4.40436689597476E-17,0.992546151641322));
#2180=DIRECTION('',(0.120974291151355,0.120974291151355,0.985256536015293));
#2181=DIRECTION('',(0.,-1.,0.));
#2182=DIRECTION('',(0.120974291151355,-0.120974291151355,0.985256536015293));
#2183=DIRECTION('',(-0.121869343405147,4.39255798855777E-17,-0.992546151641322));
#2184=DIRECTION('',(0.,0.,1.));
#2185=DIRECTION('',(1.,0.,0.));
#2186=DIRECTION('',(1.,0.,0.));
#2187=DIRECTION('',(0.,1.,0.));
#2188=DIRECTION('',(-1.,0.,0.));
#2189=DIRECTION('',(0.,-1.,0.));
#2190=DIRECTION('',(0.,0.,1.));
#2191=DIRECTION('',(1.,0.,0.));
#2192=DIRECTION('',(-7.94098073074668E-16,-1.,0.));
#2193=DIRECTION('',(-1.,0.,0.));
#2194=DIRECTION('',(0.,1.,0.));
#2195=DIRECTION('',(0.120974291151355,-0.120974291151355,-0.985256536015293));
#2196=DIRECTION('',(-0.992546151641322,0.,-0.121869343405147));
#2197=DIRECTION('',(-0.120974291151354,0.120974291151354,0.985256536015293));
#2198=DIRECTION('',(0.992546151641322,0.,0.121869343405147));
#2199=DIRECTION('',(1.44560289664734E-15,0.,1.));
#2200=DIRECTION('',(1.,0.,-1.44560289664734E-15));
#2201=DIRECTION('',(1.,-1.45645912208397E-15,0.));
#2202=DIRECTION('',(1.45645912208397E-15,1.,0.));
#2203=DIRECTION('',(0.,-1.,0.));
#2204=DIRECTION('',(0.,0.,-1.));
#2205=DIRECTION('',(0.120974291151355,0.120974291151355,-0.985256536015293));
#2206=DIRECTION('',(-0.992546151641322,0.,-0.121869343405147));
#2207=DIRECTION('',(-0.120974291151354,-0.120974291151354,0.985256536015293));
#2208=DIRECTION('',(0.992546151641322,0.,0.121869343405147));
#2209=DIRECTION('',(0.,1.,0.));
#2210=DIRECTION('',(0.,0.,1.));
#2211=DIRECTION('',(-1.45645912208397E-15,1.,0.));
#2212=DIRECTION('',(-1.,-1.45645912208397E-15,0.));
#2213=DIRECTION('',(1.,0.,0.));
#2214=DIRECTION('',(0.,0.,-1.));
#2215=DIRECTION('',(-1.,0.,0.));
#2216=DIRECTION('',(0.,0.,1.));
#2217=DIRECTION('',(-0.120974291151355,-0.120974291151355,-0.985256536015293));
#2218=DIRECTION('',(-0.992546151641322,0.,0.121869343405147));
#2219=DIRECTION('',(0.120974291151354,0.120974291151354,0.985256536015293));
#2220=DIRECTION('',(0.992546151641322,0.,-0.121869343405147));
#2221=DIRECTION('',(1.44560289664734E-15,0.,1.));
#2222=DIRECTION('',(1.,0.,-1.44560289664734E-15));
#2223=DIRECTION('',(1.,0.,0.));
#2224=DIRECTION('',(0.,0.,-1.));
#2225=DIRECTION('',(-1.44560289664734E-15,0.,1.));
#2226=DIRECTION('',(1.,0.,1.44560289664734E-15));
#2227=DIRECTION('',(1.45645912208397E-15,-1.,0.));
#2228=DIRECTION('',(1.,1.45645912208397E-15,0.));
#2229=DIRECTION('',(-1.,0.,0.));
#2230=DIRECTION('',(0.,0.,1.));
#2231=DIRECTION('',(-1.,1.45645912208397E-15,0.));
#2232=DIRECTION('',(-1.45645912208397E-15,-1.,0.));
#2233=DIRECTION('',(0.,-1.,0.));
#2234=DIRECTION('',(0.,0.,-1.));
#2235=DIRECTION('',(0.,1.,0.));
#2236=DIRECTION('',(0.,0.,1.));
#2237=DIRECTION('',(-1.44560289664734E-15,0.,1.));
#2238=DIRECTION('',(1.,0.,1.44560289664734E-15));
#2239=DIRECTION('',(0.120974291151354,-0.120974291151354,0.985256536015293));
#2240=DIRECTION('',(0.992546151641322,0.,-0.121869343405147));
#2241=DIRECTION('',(-0.120974291151355,0.120974291151355,-0.985256536015293));
#2242=DIRECTION('',(-0.992546151641322,0.,0.121869343405147));
#2243=DIRECTION('',(-1.,0.,0.));
#2244=DIRECTION('',(0.,0.,1.));
#2245=DIRECTION('',(0.,0.,-1.));
#2246=DIRECTION('',(0.,1.,0.));
#2247=DIRECTION('',(0.,0.,-1.));
#2248=DIRECTION('',(-3.61400724161835E-16,-1.,0.));
#2249=DIRECTION('',(1.,-3.61400724161835E-16,0.));
#2250=DIRECTION('',(-1.,2.95619197494751E-16,0.));
#2251=DIRECTION('',(3.60431743195249E-16,1.,0.));
#2252=DIRECTION('',(-1.,3.60431743195249E-16,0.));
#2253=DIRECTION('',(1.,-2.52980506913284E-15,0.));
#2254=DIRECTION('',(0.,0.,1.));
#2255=DIRECTION('',(1.,0.,0.));
#2256=DIRECTION('',(0.,0.,1.));
#2257=DIRECTION('',(1.,0.,0.));
#2258=DIRECTION('',(2.16840434497101E-16,1.,0.));
#2259=DIRECTION('',(-1.,7.2280144832367E-16,0.));
#2260=DIRECTION('',(-1.97127667724637E-16,-1.,0.));
#2261=DIRECTION('',(1.,-1.97127667724637E-16,0.));
#2262=DIRECTION('',(1.97127667724637E-16,1.,0.));
#2263=DIRECTION('',(0.,0.,-1.));
#2264=DIRECTION('',(-1.,2.16840434497101E-16,0.));
#2265=DIRECTION('',(-2.16840434497101E-16,-1.,0.));
#2266=DIRECTION('',(0.,0.,-1.));
#2267=DIRECTION('',(-7.2280144832367E-16,-1.,0.));
#2268=DIRECTION('',(1.,-7.2280144832367E-16,0.));
#2269=DIRECTION('',(0.,0.,1.));
#2270=DIRECTION('',(1.,0.,0.));
#2271=DIRECTION('',(0.,1.,0.));
#2272=DIRECTION('',(-1.,0.,0.));
#2273=DIRECTION('',(-7.94098073074668E-16,-1.,0.));
#2274=DIRECTION('',(-1.,0.,0.));
#2275=DIRECTION('',(0.,0.,1.));
#2276=DIRECTION('',(0.,0.,-1.));
#2277=DIRECTION('',(1.,-7.94098073074669E-16,0.));
#2278=DIRECTION('',(7.94098073074669E-16,1.,0.));
#2279=DIRECTION('',(0.,0.,-1.));
#2280=DIRECTION('',(0.,-1.,0.));
#2281=DIRECTION('',(0.,0.,-1.));
#2282=DIRECTION('',(0.,0.,-1.));
#2283=DIRECTION('',(-1.,0.,0.));
#2284=DIRECTION('',(0.,1.,0.));
#2285=DIRECTION('',(0.,-1.,0.));
#2286=DIRECTION('',(1.,0.,0.));
#2287=DIRECTION('',(1.,0.,0.));
#2288=DIRECTION('',(0.,0.,-1.));
#2289=DIRECTION('',(0.,0.,-1.));
#2290=DIRECTION('',(-1.,0.,0.));
#2291=DIRECTION('',(0.,0.,1.));
#2292=DIRECTION('',(0.,0.,-1.));
#2293=DIRECTION('',(0.,1.,0.));
#2294=DIRECTION('',(0.,0.,1.));
#2295=DIRECTION('',(0.,0.,-1.));
#2296=DIRECTION('',(-1.,0.,0.));
#2297=DIRECTION('',(0.,1.,0.));
#2298=DIRECTION('',(0.,-1.,0.));
#2299=DIRECTION('',(1.,0.,0.));
#2300=DIRECTION('',(1.,0.,0.));
#2301=DIRECTION('',(0.,0.,-1.));
#2302=DIRECTION('',(0.,0.,-1.));
#2303=DIRECTION('',(-1.,0.,0.));
#2304=DIRECTION('',(0.,0.,1.));
#2305=DIRECTION('',(0.,0.,-1.));
#2306=DIRECTION('',(0.,1.,0.));
#2307=DIRECTION('',(0.,0.,1.));
#2308=DIRECTION('',(1.,0.,0.));
#2309=DIRECTION('',(0.,0.,-1.));
#2310=DIRECTION('',(0.,0.,-1.));
#2311=DIRECTION('',(0.,-1.,0.));
#2312=DIRECTION('',(0.,0.,-1.));
#2313=DIRECTION('',(0.,1.,0.));
#2314=DIRECTION('',(0.,0.,1.));
#2315=DIRECTION('',(1.,9.01079357988122E-17,0.));
#2316=DIRECTION('',(0.,-1.,0.));
#2317=DIRECTION('',(0.,0.,-1.));
#2318=DIRECTION('',(-1.,0.,0.));
#2319=DIRECTION('',(0.,0.,1.));
#2320=DIRECTION('',(1.,0.,0.));
#2321=DIRECTION('',(0.,-1.,0.));
#2322=DIRECTION('',(0.,0.,-1.));
#2323=DIRECTION('',(0.,0.,-1.));
#2324=DIRECTION('',(-1.,0.,0.));
#2325=DIRECTION('',(0.,0.,-1.));
#2326=DIRECTION('',(1.,0.,0.));
#2327=DIRECTION('',(0.,0.,-1.));
#2328=DIRECTION('',(0.,-1.,0.));
#2329=DIRECTION('',(-1.,0.,0.));
#2330=DIRECTION('',(0.,0.,1.));
#2331=DIRECTION('',(0.,1.,0.));
#2332=DIRECTION('',(0.,0.,1.));
#2333=DIRECTION('',(1.,0.,0.));
#2334=DIRECTION('',(0.,-1.,0.));
#2335=DIRECTION('',(0.,0.,-1.));
#2336=DIRECTION('',(0.,0.,-1.));
#2337=DIRECTION('',(-1.,0.,0.));
#2338=DIRECTION('',(0.,0.,-1.));
#2339=DIRECTION('',(1.,0.,0.));
#2340=DIRECTION('',(0.,0.,-1.));
#2341=DIRECTION('',(0.,-1.,0.));
#2342=DIRECTION('',(-1.,0.,0.));
#2343=DIRECTION('',(0.,0.,1.));
#2344=DIRECTION('',(4.33680868994201E-16,1.,0.));
#2345=DIRECTION('',(0.,0.,1.));
#2346=DIRECTION('',(1.,0.,0.));
#2347=DIRECTION('',(-7.2280144832367E-16,-1.,0.));
#2348=DIRECTION('',(1.,-7.2280144832367E-16,0.));
#2349=DIRECTION('',(0.,0.,-1.));
#2350=DIRECTION('',(-1.,7.2280144832367E-16,0.));
#2351=DIRECTION('',(0.,0.,-1.));
#2352=DIRECTION('',(1.,-4.33680868994201E-16,0.));
#2353=DIRECTION('',(4.33680868994201E-16,1.,0.));
#2354=DIRECTION('',(-1.97127667724637E-16,-1.,0.));
#2355=DIRECTION('',(-1.,1.97127667724637E-16,0.));
#2356=DIRECTION('',(-1.97127667724637E-16,-1.,0.));
#2357=DIRECTION('',(2.16840434497101E-16,1.,0.));
#2358=DIRECTION('',(0.,0.,1.));
#2359=DIRECTION('',(1.,0.,0.));
#2360=DIRECTION('',(1.,0.,0.));
#2361=DIRECTION('',(0.,0.,-1.));
#2362=DIRECTION('',(0.,-1.,0.));
#2363=DIRECTION('',(0.,0.,-1.));
#2364=DIRECTION('',(-1.,3.97049036537334E-16,0.));
#2365=DIRECTION('',(-3.97049036537334E-16,-1.,0.));
#2366=DIRECTION('',(0.,0.,-1.));
#2367=DIRECTION('',(0.,1.,0.));
#2368=DIRECTION('',(0.,0.,1.));
#2369=DIRECTION('',(1.,0.,0.));
#2370=DIRECTION('',(-1.,0.,0.));
#2371=DIRECTION('',(0.,-1.,0.));
#2372=DIRECTION('',(0.,0.,-1.));
#2373=CARTESIAN_POINT('',(0.,0.,0.));
#2374=CARTESIAN_POINT('',(0.,1.525,0.));
#2375=CARTESIAN_POINT('',(0.,1.525,0.));
#2376=CARTESIAN_POINT('',(1.4261180772538,1.525,0.));
#2377=CARTESIAN_POINT('',(1.125,1.525,0.));
#2378=CARTESIAN_POINT('',(1.125,1.525,0.));
#2379=CARTESIAN_POINT('',(1.125,1.50351270184199,0.175));
#2380=CARTESIAN_POINT('',(0.,1.50351270184199,0.175));
#2381=CARTESIAN_POINT('',(0.825000000000001,1.50351270184199,0.175));
#2382=CARTESIAN_POINT('',(0.825000000000001,1.525,0.));
#2383=CARTESIAN_POINT('',(0.825000000000001,1.525,0.));
#2384=CARTESIAN_POINT('',(0.,1.525,0.));
#2385=CARTESIAN_POINT('',(0.475,1.525,0.));
#2386=CARTESIAN_POINT('',(0.475,1.525,0.));
#2387=CARTESIAN_POINT('',(0.475,1.50351270184199,0.175));
#2388=CARTESIAN_POINT('',(0.,1.50351270184199,0.175));
#2389=CARTESIAN_POINT('',(0.175,1.50351270184199,0.175));
#2390=CARTESIAN_POINT('',(0.175,1.525,0.));
#2391=CARTESIAN_POINT('',(0.175,1.525,0.));
#2392=CARTESIAN_POINT('',(0.,1.525,0.));
#2393=CARTESIAN_POINT('',(-0.175,1.525,-3.40865027766256E-20));
#2394=CARTESIAN_POINT('',(-0.175,1.525,-4.59011428366699E-18));
#2395=CARTESIAN_POINT('',(-0.175,1.50351270184199,0.175));
#2396=CARTESIAN_POINT('',(0.,1.50351270184199,0.175));
#2397=CARTESIAN_POINT('',(-0.475,1.50351270184199,0.175));
#2398=CARTESIAN_POINT('',(-0.475,1.525,-1.13262560246329E-17));
#2399=CARTESIAN_POINT('',(-0.475,1.525,0.));
#2400=CARTESIAN_POINT('',(0.,1.525,0.));
#2401=CARTESIAN_POINT('',(-0.825,1.525,0.));
#2402=CARTESIAN_POINT('',(-0.825,1.525,0.));
#2403=CARTESIAN_POINT('',(-0.825,1.50351270184199,0.175));
#2404=CARTESIAN_POINT('',(0.,1.50351270184199,0.175));
#2405=CARTESIAN_POINT('',(-1.125,1.50351270184199,0.175));
#2406=CARTESIAN_POINT('',(-1.125,1.525,-1.08061712510775E-16));
#2407=CARTESIAN_POINT('',(-1.125,1.525,0.));
#2408=CARTESIAN_POINT('',(0.,1.525,0.));
#2409=CARTESIAN_POINT('',(-1.4261180772538,1.525,0.));
#2410=CARTESIAN_POINT('',(-1.40524715419476,1.50412907694096,0.169980027664418));
#2411=CARTESIAN_POINT('',(-1.34713317561686,1.44601509836306,0.643280401510772));
#2412=CARTESIAN_POINT('',(1.47984196530025,1.44601509836306,0.643280401510772));
#2413=CARTESIAN_POINT('',(1.34713317561686,1.44601509836306,0.643280401510772));
#2414=CARTESIAN_POINT('',(1.40524715419476,1.50412907694096,0.169980027664418));
#2415=CARTESIAN_POINT('',(0.,0.,0.));
#2416=CARTESIAN_POINT('',(1.65,0.1,0.));
#2417=CARTESIAN_POINT('',(1.575,0.1,0.));
#2418=CARTESIAN_POINT('',(1.42459674155306,0.1,0.));
#2419=CARTESIAN_POINT('',(1.65,0.1,0.));
#2420=CARTESIAN_POINT('',(1.65,0.1,0.));
#2421=CARTESIAN_POINT('',(1.65,0.1,0.));
#2422=CARTESIAN_POINT('',(1.65,-0.0999999999999998,0.));
#2423=CARTESIAN_POINT('',(1.575,-0.1,0.));
#2424=CARTESIAN_POINT('',(1.575,-0.1,0.));
#2425=CARTESIAN_POINT('',(1.65,-0.1,0.));
#2426=CARTESIAN_POINT('',(1.43746636952958,-0.1,0.));
#2427=CARTESIAN_POINT('',(1.43746636952958,-0.1,0.));
#2428=CARTESIAN_POINT('',(1.225,-0.301567243105037,0.));
#2429=CARTESIAN_POINT('',(1.225,-0.301567243105037,0.));
#2430=CARTESIAN_POINT('',(1.225,-1.25,0.));
#2431=CARTESIAN_POINT('',(1.225,-1.25,0.));
#2432=CARTESIAN_POINT('',(1.125,-1.25193494437341,0.));
#2433=CARTESIAN_POINT('',(1.125,-1.65,0.));
#2434=CARTESIAN_POINT('',(1.125,-1.525,0.));
#2435=CARTESIAN_POINT('',(1.125,-1.65,0.));
#2436=CARTESIAN_POINT('',(1.125,-1.65,0.));
#2437=CARTESIAN_POINT('',(0.825,-1.65,0.));
#2438=CARTESIAN_POINT('',(0.825,-1.65,0.));
#2439=CARTESIAN_POINT('',(0.825,-1.25193494437341,0.));
#2440=CARTESIAN_POINT('',(0.825,-1.525,0.));
#2441=CARTESIAN_POINT('',(0.825,-1.25193494437341,0.));
#2442=CARTESIAN_POINT('',(0.825,-1.25193494437341,0.));
#2443=CARTESIAN_POINT('',(0.825,-1.25193494437341,0.));
#2444=CARTESIAN_POINT('',(0.767275055646961,-1.25,0.));
#2445=CARTESIAN_POINT('',(0.767275055646961,-1.25,0.));
#2446=CARTESIAN_POINT('',(0.767275055646961,-1.194,0.));
#2447=CARTESIAN_POINT('',(0.767275055646961,-1.194,0.));
#2448=CARTESIAN_POINT('',(0.534064709079652,-1.194,0.));
#2449=CARTESIAN_POINT('',(0.534064709079652,-1.25,0.));
#2450=CARTESIAN_POINT('',(0.534064709079652,-1.25,0.));
#2451=CARTESIAN_POINT('',(0.475,-1.25,0.));
#2452=CARTESIAN_POINT('',(0.475,-1.25,0.));
#2453=CARTESIAN_POINT('',(0.475,-1.65,0.));
#2454=CARTESIAN_POINT('',(0.475,-1.525,0.));
#2455=CARTESIAN_POINT('',(0.475,-1.65,0.));
#2456=CARTESIAN_POINT('',(0.475,-1.65,0.));
#2457=CARTESIAN_POINT('',(0.175,-1.65,0.));
#2458=CARTESIAN_POINT('',(0.175,-1.65,0.));
#2459=CARTESIAN_POINT('',(0.175,-1.25,0.));
#2460=CARTESIAN_POINT('',(0.175,-1.525,0.));
#2461=CARTESIAN_POINT('',(0.175,-1.25,0.));
#2462=CARTESIAN_POINT('',(0.175,-1.25,0.));
#2463=CARTESIAN_POINT('',(0.12955826724609,-1.25,0.));
#2464=CARTESIAN_POINT('',(0.12955826724609,-1.25,0.));
#2465=CARTESIAN_POINT('',(0.12955826724609,-1.25,0.));
#2466=CARTESIAN_POINT('',(0.12955826724609,-1.194,0.));
#2467=CARTESIAN_POINT('',(0.12955826724609,-1.194,0.));
#2468=CARTESIAN_POINT('',(-0.12955826724609,-1.194,0.));
#2469=CARTESIAN_POINT('',(-0.12955826724609,-1.25,0.));
#2470=CARTESIAN_POINT('',(-0.12955826724609,-1.25,0.));
#2471=CARTESIAN_POINT('',(-0.175,-1.25,0.));
#2472=CARTESIAN_POINT('',(-0.175,-1.25,0.));
#2473=CARTESIAN_POINT('',(-0.175,-1.25,0.));
#2474=CARTESIAN_POINT('',(-0.175,-1.525,0.));
#2475=CARTESIAN_POINT('',(-0.175,-1.525,0.));
#2476=CARTESIAN_POINT('',(-0.175,-1.65,0.));
#2477=CARTESIAN_POINT('',(-0.475,-1.65,0.));
#2478=CARTESIAN_POINT('',(-0.475,-1.65,0.));
#2479=CARTESIAN_POINT('',(-0.475,-1.525,0.));
#2480=CARTESIAN_POINT('',(-0.475,-1.525,0.));
#2481=CARTESIAN_POINT('',(-0.475,-1.65,0.));
#2482=CARTESIAN_POINT('',(-0.475,-1.25,0.));
#2483=CARTESIAN_POINT('',(-0.534064709079653,-1.25,0.));
#2484=CARTESIAN_POINT('',(-0.534064709079653,-1.25,0.));
#2485=CARTESIAN_POINT('',(-0.534064709079653,-1.25,0.));
#2486=CARTESIAN_POINT('',(-0.534064709079653,-1.194,0.));
#2487=CARTESIAN_POINT('',(-0.534064709079653,-1.194,0.));
#2488=CARTESIAN_POINT('',(-0.767275055646961,-1.194,0.));
#2489=CARTESIAN_POINT('',(-0.767275055646961,-1.25,0.));
#2490=CARTESIAN_POINT('',(-0.767275055646961,-1.25,0.));
#2491=CARTESIAN_POINT('',(-0.825000000000001,-1.25193494437341,0.));
#2492=CARTESIAN_POINT('',(-0.825000000000001,-1.25193494437341,0.));
#2493=CARTESIAN_POINT('',(-0.825000000000001,-1.25193494437341,0.));
#2494=CARTESIAN_POINT('',(-0.825000000000001,-1.525,0.));
#2495=CARTESIAN_POINT('',(-0.825000000000001,-1.525,0.));
#2496=CARTESIAN_POINT('',(-0.825000000000001,-1.65,0.));
#2497=CARTESIAN_POINT('',(-0.975000000000001,-1.65,0.));
#2498=CARTESIAN_POINT('',(-1.125,-1.65,0.));
#2499=CARTESIAN_POINT('',(-1.125,-1.525,0.));
#2500=CARTESIAN_POINT('',(-1.125,-1.525,0.));
#2501=CARTESIAN_POINT('',(-1.125,-1.65,0.));
#2502=CARTESIAN_POINT('',(-1.125,-1.25193494437341,0.));
#2503=CARTESIAN_POINT('',(-1.225,-1.25,0.));
#2504=CARTESIAN_POINT('',(-1.225,-1.25,0.));
#2505=CARTESIAN_POINT('',(-1.225,-0.301567243105036,0.));
#2506=CARTESIAN_POINT('',(-1.225,-0.301567243105036,0.));
#2507=CARTESIAN_POINT('',(-1.43746636952958,-0.0999999999999995,0.));
#2508=CARTESIAN_POINT('',(-1.43746636952958,-0.0999999999999995,0.));
#2509=CARTESIAN_POINT('',(-1.65,-0.0999999999999995,0.));
#2510=CARTESIAN_POINT('',(-1.575,-0.0999999999999995,0.));
#2511=CARTESIAN_POINT('',(-1.65,-0.0999999999999995,0.));
#2512=CARTESIAN_POINT('',(-1.65,-0.0999999999999995,0.));
#2513=CARTESIAN_POINT('',(-1.65,0.100000000000001,0.));
#2514=CARTESIAN_POINT('',(-1.65,0.100000000000001,0.));
#2515=CARTESIAN_POINT('',(-1.575,0.100000000000001,0.));
#2516=CARTESIAN_POINT('',(-1.575,0.100000000000001,0.));
#2517=CARTESIAN_POINT('',(-1.65,0.100000000000001,0.));
#2518=CARTESIAN_POINT('',(-1.42459674155306,0.1,0.));
#2519=CARTESIAN_POINT('',(-1.34713317561686,0.208201292718479,0.));
#2520=CARTESIAN_POINT('',(-1.34713317561686,0.208201292718479,0.));
#2521=CARTESIAN_POINT('',(-1.34713317561686,0.326,0.));
#2522=CARTESIAN_POINT('',(-1.34713317561686,0.326,0.));
#2523=CARTESIAN_POINT('',(0.975,0.325999999999999,0.));
#2524=CARTESIAN_POINT('',(1.34713317561686,0.325999999999999,0.));
#2525=CARTESIAN_POINT('',(1.34713317561686,0.325999999999999,0.));
#2526=CARTESIAN_POINT('',(1.34713317561686,0.208201292718479,0.));
#2527=CARTESIAN_POINT('',(1.34713317561686,0.208201292718479,0.));
#2528=CARTESIAN_POINT('',(0.,0.,0.));
#2529=CARTESIAN_POINT('',(1.575,0.,0.));
#2530=CARTESIAN_POINT('',(1.575,-1.3761180772538,0.));
#2531=CARTESIAN_POINT('',(1.42387352618117,-1.37387352618117,0.));
#2532=CARTESIAN_POINT('',(1.4261180772538,-1.525,0.));
#2533=CARTESIAN_POINT('',(0.,-1.525,0.));
#2534=CARTESIAN_POINT('',(0.,0.,0.));
#2535=CARTESIAN_POINT('',(-0.475,1.65,0.));
#2536=CARTESIAN_POINT('',(-0.475,1.25,0.));
#2537=CARTESIAN_POINT('',(-0.475,1.25,0.));
#2538=CARTESIAN_POINT('',(-0.175,1.25,0.));
#2539=CARTESIAN_POINT('',(-0.175,1.25,0.));
#2540=CARTESIAN_POINT('',(0.175,1.25,0.));
#2541=CARTESIAN_POINT('',(0.175,1.25,0.));
#2542=CARTESIAN_POINT('',(0.475,1.25,0.));
#2543=CARTESIAN_POINT('',(0.475,1.25,0.));
#2544=CARTESIAN_POINT('',(0.475,1.65,0.));
#2545=CARTESIAN_POINT('',(0.825000000000001,1.25193494437341,0.));
#2546=CARTESIAN_POINT('',(0.825000000000001,1.25193494437341,0.));
#2547=CARTESIAN_POINT('',(1.125,1.25193494437341,0.));
#2548=CARTESIAN_POINT('',(1.125,1.25193494437341,0.));
#2549=CARTESIAN_POINT('',(1.125,1.65,0.));
#2550=CARTESIAN_POINT('',(1.42387352618117,1.37387352618117,0.));
#2551=CARTESIAN_POINT('',(1.575,1.3761180772538,0.));
#2552=CARTESIAN_POINT('',(1.575,0.,0.));
#2553=CARTESIAN_POINT('',(-1.575,0.,0.));
#2554=CARTESIAN_POINT('',(-1.575,1.3761180772538,0.));
#2555=CARTESIAN_POINT('',(-1.42387352618117,1.37387352618117,0.));
#2556=CARTESIAN_POINT('',(-1.125,1.65,0.));
#2557=CARTESIAN_POINT('',(-1.125,1.25193494437341,0.));
#2558=CARTESIAN_POINT('',(-1.125,1.25193494437341,0.));
#2559=CARTESIAN_POINT('',(-0.825,1.25193494437341,0.));
#2560=CARTESIAN_POINT('',(-0.825,1.25193494437341,0.));
#2561=CARTESIAN_POINT('',(0.,0.,0.));
#2562=CARTESIAN_POINT('',(0.825000000000001,1.525,0.));
#2563=CARTESIAN_POINT('',(0.825000000000001,1.65,0.));
#2564=CARTESIAN_POINT('',(0.825000000000001,1.65,0.));
#2565=CARTESIAN_POINT('',(1.125,1.65,0.));
#2566=CARTESIAN_POINT('',(1.125,1.525,0.));
#2567=CARTESIAN_POINT('',(0.,0.,0.));
#2568=CARTESIAN_POINT('',(0.175,1.525,0.));
#2569=CARTESIAN_POINT('',(0.175,1.65,0.));
#2570=CARTESIAN_POINT('',(0.175,1.65,0.));
#2571=CARTESIAN_POINT('',(0.475,1.65,0.));
#2572=CARTESIAN_POINT('',(0.475,1.525,0.));
#2573=CARTESIAN_POINT('',(0.,0.,0.));
#2574=CARTESIAN_POINT('',(0.,-1.525,0.));
#2575=CARTESIAN_POINT('',(0.,0.,0.));
#2576=CARTESIAN_POINT('',(0.,-1.525,0.));
#2577=CARTESIAN_POINT('',(0.,0.,0.));
#2578=CARTESIAN_POINT('',(0.,-1.525,0.));
#2579=CARTESIAN_POINT('',(-1.4261180772538,-1.525,0.));
#2580=CARTESIAN_POINT('',(-1.42387352618117,-1.37387352618117,0.));
#2581=CARTESIAN_POINT('',(-1.575,-1.3761180772538,0.));
#2582=CARTESIAN_POINT('',(-1.575,0.,0.));
#2583=CARTESIAN_POINT('',(0.,0.,0.));
#2584=CARTESIAN_POINT('',(0.,-1.525,0.));
#2585=CARTESIAN_POINT('',(0.,0.,0.));
#2586=CARTESIAN_POINT('',(-0.475,1.525,0.));
#2587=CARTESIAN_POINT('',(-0.475,1.65,0.));
#2588=CARTESIAN_POINT('',(-0.475,1.65,0.));
#2589=CARTESIAN_POINT('',(-0.175,1.65,0.));
#2590=CARTESIAN_POINT('',(-0.175,1.525,0.));
#2591=CARTESIAN_POINT('',(0.,-1.525,0.));
#2592=CARTESIAN_POINT('',(0.,-1.50351270184199,0.175));
#2593=CARTESIAN_POINT('',(0.825,-1.50351270184199,0.175));
#2594=CARTESIAN_POINT('',(1.125,-1.50351270184199,0.175));
#2595=CARTESIAN_POINT('',(1.125,-1.525,0.));
#2596=CARTESIAN_POINT('',(1.40524715419476,-1.50412907694096,0.169980027664418));
#2597=CARTESIAN_POINT('',(1.34713317561686,-1.44601509836306,0.643280401510772));
#2598=CARTESIAN_POINT('',(-1.47984196530025,-1.44601509836306,0.643280401510772));
#2599=CARTESIAN_POINT('',(-1.34713317561686,-1.44601509836306,0.643280401510772));
#2600=CARTESIAN_POINT('',(-1.40524715419476,-1.50412907694096,0.169980027664418));
#2601=CARTESIAN_POINT('',(-1.125,-1.525,0.));
#2602=CARTESIAN_POINT('',(-1.125,-1.50351270184199,0.175));
#2603=CARTESIAN_POINT('',(0.,-1.50351270184199,0.175));
#2604=CARTESIAN_POINT('',(-0.825000000000001,-1.50351270184199,0.175));
#2605=CARTESIAN_POINT('',(-0.825000000000001,-1.525,0.));
#2606=CARTESIAN_POINT('',(-0.475,-1.525,0.));
#2607=CARTESIAN_POINT('',(-0.475,-1.50351270184199,0.175));
#2608=CARTESIAN_POINT('',(0.,-1.50351270184199,0.175));
#2609=CARTESIAN_POINT('',(-0.175,-1.50351270184199,0.175));
#2610=CARTESIAN_POINT('',(-0.175,-1.525,0.));
#2611=CARTESIAN_POINT('',(0.175,-1.525,-4.17283116697E-18));
#2612=CARTESIAN_POINT('',(0.175,-1.50351270184199,0.175));
#2613=CARTESIAN_POINT('',(0.,-1.50351270184199,0.175));
#2614=CARTESIAN_POINT('',(0.475,-1.50351270184199,0.175));
#2615=CARTESIAN_POINT('',(0.475,-1.525,-2.49177632541922E-17));
#2616=CARTESIAN_POINT('',(0.825,-1.525,-3.96226279206176E-17));
#2617=CARTESIAN_POINT('',(1.575,0.,0.));
#2618=CARTESIAN_POINT('',(1.575,-0.1,0.));
#2619=CARTESIAN_POINT('',(1.55351270184199,-0.1,0.175));
#2620=CARTESIAN_POINT('',(1.55351270184199,0.,0.175));
#2621=CARTESIAN_POINT('',(1.55351270184199,0.1,0.175));
#2622=CARTESIAN_POINT('',(1.575,0.1,0.));
#2623=CARTESIAN_POINT('',(1.55486081589694,1.35597889315074,0.164020492112083));
#2624=CARTESIAN_POINT('',(1.49601509836306,1.29713317561686,0.643280401510772));
#2625=CARTESIAN_POINT('',(1.49601509836306,-1.42984196530025,0.643280401510772));
#2626=CARTESIAN_POINT('',(1.49601509836306,-1.29713317561686,0.643280401510772));
#2627=CARTESIAN_POINT('',(1.55486081589694,-1.35597889315074,0.164020492112083));
#2628=CARTESIAN_POINT('',(-1.575,0.,0.));
#2629=CARTESIAN_POINT('',(-1.55351270184199,0.,0.175));
#2630=CARTESIAN_POINT('',(-1.55351270184199,0.1,0.175));
#2631=CARTESIAN_POINT('',(-1.55351270184199,-0.0999999999999995,0.175));
#2632=CARTESIAN_POINT('',(-1.575,-0.0999999999999995,-4.37153741301616E-18));
#2633=CARTESIAN_POINT('',(-1.55486081589694,-1.35597889315074,0.164020492112083));
#2634=CARTESIAN_POINT('',(-1.49601509836306,-1.29713317561686,0.643280401510772));
#2635=CARTESIAN_POINT('',(-1.49601509836306,1.42984196530025,0.643280401510772));
#2636=CARTESIAN_POINT('',(-1.49601509836306,1.29713317561686,0.643280401510772));
#2637=CARTESIAN_POINT('',(-1.55486081589694,1.35597889315074,0.164020492112083));
#2638=CARTESIAN_POINT('',(-1.575,0.100000000000001,4.35981652740438E-18));
#2639=CARTESIAN_POINT('',(0.,0.,0.775));
#2640=CARTESIAN_POINT('',(-1.47984196530025,1.29713317561686,0.775));
#2641=CARTESIAN_POINT('',(1.34713317561686,1.29713317561686,0.775));
#2642=CARTESIAN_POINT('',(-1.34713317561686,1.29713317561686,0.775));
#2643=CARTESIAN_POINT('',(-1.34713317561686,-1.42984196530025,0.775));
#2644=CARTESIAN_POINT('',(-1.34713317561686,-1.29713317561686,0.775));
#2645=CARTESIAN_POINT('',(1.47984196530025,-1.29713317561686,0.775));
#2646=CARTESIAN_POINT('',(1.34713317561686,-1.29713317561686,0.775));
#2647=CARTESIAN_POINT('',(1.34713317561686,1.42984196530025,0.775));
#2648=CARTESIAN_POINT('',(0.,0.,0.));
#2649=CARTESIAN_POINT('',(-1.125,1.525,0.));
#2650=CARTESIAN_POINT('',(-1.125,1.65,0.));
#2651=CARTESIAN_POINT('',(-0.975,1.65,0.));
#2652=CARTESIAN_POINT('',(-0.825,1.65,0.));
#2653=CARTESIAN_POINT('',(-0.825,1.525,0.));
#2654=CARTESIAN_POINT('',(1.40597889315074,-1.35597889315074,0.145740090601311));
#2655=CARTESIAN_POINT('',(1.34713317561686,-1.29713317561686,0.625));
#2656=CARTESIAN_POINT('',(1.34713317561686,-1.29713317561686,0.625));
#2657=CARTESIAN_POINT('',(1.34713317561686,-1.29713317561686,0.625));
#2658=CARTESIAN_POINT('',(1.34713317561686,-1.29713317561686,0.625));
#2659=CARTESIAN_POINT('',(1.40524715419476,1.35524715419476,0.151699626153646));
#2660=CARTESIAN_POINT('',(1.34713317561686,1.29713317561686,0.625));
#2661=CARTESIAN_POINT('',(1.34713317561686,0.,0.625));
#2662=CARTESIAN_POINT('',(1.34713317561686,1.29713317561686,0.625));
#2663=CARTESIAN_POINT('',(0.,-1.29713317561686,0.625));
#2664=CARTESIAN_POINT('',(-1.34713317561686,-1.29713317561686,0.625));
#2665=CARTESIAN_POINT('',(-1.40524715419476,-1.35524715419476,0.151699626153646));
#2666=CARTESIAN_POINT('',(-1.34713317561686,-1.29713317561686,0.625));
#2667=CARTESIAN_POINT('',(1.34713317561686,1.29713317561686,0.625));
#2668=CARTESIAN_POINT('',(1.34713317561686,1.29713317561686,0.625));
#2669=CARTESIAN_POINT('',(-1.34713317561686,-1.29713317561686,0.625));
#2670=CARTESIAN_POINT('',(-1.34713317561686,-1.29713317561686,0.625));
#2671=CARTESIAN_POINT('',(0.,1.29713317561686,0.625));
#2672=CARTESIAN_POINT('',(-1.34713317561686,1.29713317561686,0.625));
#2673=CARTESIAN_POINT('',(-1.34713317561686,0.,0.625));
#2674=CARTESIAN_POINT('',(-1.34713317561686,1.29713317561686,0.625));
#2675=CARTESIAN_POINT('',(-1.34713317561686,1.29713317561686,0.625));
#2676=CARTESIAN_POINT('',(-1.34713317561686,1.29713317561686,0.625));
#2677=CARTESIAN_POINT('',(-1.40597889315074,1.35597889315074,0.145740090601311));
#2678=CARTESIAN_POINT('',(-1.65,0.100000000000001,0.175));
#2679=CARTESIAN_POINT('',(-1.65,-0.0999999999999995,0.175));
#2680=CARTESIAN_POINT('',(-1.65,-0.0999999999999995,0.175));
#2681=CARTESIAN_POINT('',(-1.65,0.100000000000001,0.175));
#2682=CARTESIAN_POINT('',(-1.65,0.100000000000001,0.175));
#2683=CARTESIAN_POINT('',(-1.65,0.100000000000001,0.175));
#2684=CARTESIAN_POINT('',(-1.65,-0.0999999999999995,0.175));
#2685=CARTESIAN_POINT('',(-1.575,-0.0999999999999995,0.175));
#2686=CARTESIAN_POINT('',(-1.575,0.100000000000001,0.175));
#2687=CARTESIAN_POINT('',(-1.65,0.100000000000001,0.175));
#2688=CARTESIAN_POINT('',(0.,0.,0.175));
#2689=CARTESIAN_POINT('',(0.,0.,0.175));
#2690=CARTESIAN_POINT('',(-0.175,1.525,0.175));
#2691=CARTESIAN_POINT('',(-0.175,1.65,0.175));
#2692=CARTESIAN_POINT('',(-0.475,1.65,0.175));
#2693=CARTESIAN_POINT('',(-0.475,1.65,0.175));
#2694=CARTESIAN_POINT('',(-0.475,1.525,0.175));
#2695=CARTESIAN_POINT('',(-0.475,1.525,0.175));
#2696=CARTESIAN_POINT('',(-0.475,1.65,0.175));
#2697=CARTESIAN_POINT('',(-0.175,1.525,0.175));
#2698=CARTESIAN_POINT('',(-0.175,1.65,0.175));
#2699=CARTESIAN_POINT('',(-0.475,1.65,0.175));
#2700=CARTESIAN_POINT('',(0.,0.,0.175));
#2701=CARTESIAN_POINT('',(-0.825,1.525,0.175));
#2702=CARTESIAN_POINT('',(-0.825,1.65,0.175));
#2703=CARTESIAN_POINT('',(-0.975,1.65,0.175));
#2704=CARTESIAN_POINT('',(-1.125,1.65,0.175));
#2705=CARTESIAN_POINT('',(-1.125,1.525,0.175));
#2706=CARTESIAN_POINT('',(-0.825,1.525,0.175));
#2707=CARTESIAN_POINT('',(-0.825,1.65,0.175));
#2708=CARTESIAN_POINT('',(-1.125,1.525,0.175));
#2709=CARTESIAN_POINT('',(-1.125,1.65,0.175));
#2710=CARTESIAN_POINT('',(-0.975,1.65,0.175));
#2711=CARTESIAN_POINT('',(0.,0.,0.175));
#2712=CARTESIAN_POINT('',(0.175,1.525,0.175));
#2713=CARTESIAN_POINT('',(0.175,1.65,0.175));
#2714=CARTESIAN_POINT('',(0.475,1.525,0.175));
#2715=CARTESIAN_POINT('',(0.475,1.65,0.175));
#2716=CARTESIAN_POINT('',(0.175,1.65,0.175));
#2717=CARTESIAN_POINT('',(0.475,1.525,0.175));
#2718=CARTESIAN_POINT('',(0.475,1.65,0.175));
#2719=CARTESIAN_POINT('',(0.175,1.525,0.175));
#2720=CARTESIAN_POINT('',(0.175,1.65,0.175));
#2721=CARTESIAN_POINT('',(0.175,1.65,0.175));
#2722=CARTESIAN_POINT('',(0.,0.,0.175));
#2723=CARTESIAN_POINT('',(0.825000000000001,1.525,0.175));
#2724=CARTESIAN_POINT('',(0.825000000000001,1.65,0.175));
#2725=CARTESIAN_POINT('',(1.125,1.525,0.175));
#2726=CARTESIAN_POINT('',(1.125,1.65,0.175));
#2727=CARTESIAN_POINT('',(0.825000000000001,1.65,0.175));
#2728=CARTESIAN_POINT('',(1.125,1.525,0.175));
#2729=CARTESIAN_POINT('',(1.125,1.65,0.175));
#2730=CARTESIAN_POINT('',(0.825000000000001,1.525,0.175));
#2731=CARTESIAN_POINT('',(0.825000000000001,1.65,0.175));
#2732=CARTESIAN_POINT('',(0.825000000000001,1.65,0.175));
#2733=CARTESIAN_POINT('',(1.65,0.1,0.175));
#2734=CARTESIAN_POINT('',(1.65,0.1,0.175));
#2735=CARTESIAN_POINT('',(1.65,0.1,0.175));
#2736=CARTESIAN_POINT('',(1.65,0.1,0.175));
#2737=CARTESIAN_POINT('',(1.65,-0.0999999999999998,0.175));
#2738=CARTESIAN_POINT('',(1.65,-0.0999999999999998,0.175));
#2739=CARTESIAN_POINT('',(1.65,0.1,0.175));
#2740=CARTESIAN_POINT('',(1.575,0.1,0.175));
#2741=CARTESIAN_POINT('',(1.575,-0.1,0.175));
#2742=CARTESIAN_POINT('',(1.575,-0.1,0.175));
#2743=CARTESIAN_POINT('',(0.,0.,0.175));
#2744=CARTESIAN_POINT('',(-0.975000000000001,-1.65,0.175));
#2745=CARTESIAN_POINT('',(-0.825000000000001,-1.65,0.175));
#2746=CARTESIAN_POINT('',(-0.825000000000001,-1.65,0.175));
#2747=CARTESIAN_POINT('',(-0.825000000000001,-1.65,0.175));
#2748=CARTESIAN_POINT('',(-1.125,-1.65,0.175));
#2749=CARTESIAN_POINT('',(-1.125,-1.65,0.175));
#2750=CARTESIAN_POINT('',(-0.825000000000001,-1.525,0.175));
#2751=CARTESIAN_POINT('',(-0.825000000000001,-1.25193494437341,0.175));
#2752=CARTESIAN_POINT('',(-1.125,-1.525,0.175));
#2753=CARTESIAN_POINT('',(-1.125,-1.65,0.175));
#2754=CARTESIAN_POINT('',(0.,0.,0.175));
#2755=CARTESIAN_POINT('',(-0.475,-1.65,0.175));
#2756=CARTESIAN_POINT('',(-0.175,-1.65,0.175));
#2757=CARTESIAN_POINT('',(-0.175,-1.65,0.175));
#2758=CARTESIAN_POINT('',(-0.475,-1.65,0.175));
#2759=CARTESIAN_POINT('',(-0.475,-1.65,0.175));
#2760=CARTESIAN_POINT('',(-0.475,-1.65,0.175));
#2761=CARTESIAN_POINT('',(-0.175,-1.525,0.175));
#2762=CARTESIAN_POINT('',(-0.175,-1.25,0.175));
#2763=CARTESIAN_POINT('',(-0.475,-1.525,0.175));
#2764=CARTESIAN_POINT('',(-0.475,-1.65,0.175));
#2765=CARTESIAN_POINT('',(0.,0.,0.175));
#2766=CARTESIAN_POINT('',(0.175,-1.65,0.175));
#2767=CARTESIAN_POINT('',(0.475,-1.65,0.175));
#2768=CARTESIAN_POINT('',(0.475,-1.65,0.175));
#2769=CARTESIAN_POINT('',(0.175,-1.65,0.175));
#2770=CARTESIAN_POINT('',(0.175,-1.65,0.175));
#2771=CARTESIAN_POINT('',(0.175,-1.65,0.175));
#2772=CARTESIAN_POINT('',(0.475,-1.65,0.175));
#2773=CARTESIAN_POINT('',(0.475,-1.525,0.175));
#2774=CARTESIAN_POINT('',(0.175,-1.25,0.175));
#2775=CARTESIAN_POINT('',(0.175,-1.525,0.175));
#2776=CARTESIAN_POINT('',(0.,0.,0.175));
#2777=CARTESIAN_POINT('',(1.125,-1.65,0.175));
#2778=CARTESIAN_POINT('',(1.125,-1.525,0.175));
#2779=CARTESIAN_POINT('',(1.125,-1.65,0.175));
#2780=CARTESIAN_POINT('',(1.125,-1.65,0.175));
#2781=CARTESIAN_POINT('',(0.825,-1.25193494437341,0.175));
#2782=CARTESIAN_POINT('',(0.825,-1.65,0.175));
#2783=CARTESIAN_POINT('',(0.825,-1.65,0.175));
#2784=CARTESIAN_POINT('',(0.825,-1.525,0.175));
#2785=CARTESIAN_POINT('',(0.,0.,0.175));
#2786=CARTESIAN_POINT('',(0.975,-1.65,0.175));
#2787=CARTESIAN_POINT('',(0.825,-1.65,0.175));
#2788=MECHANICAL_DESIGN_GEOMETRIC_PRESENTATION_REPRESENTATION('',(#1378,
#1379,#1380,#1381,#1382,#1383,#1384,#1385,#1386,#1387,#1388,#1389,#1390,
#1391,#1392,#1393,#1394,#1395,#1396,#1397,#1398,#1399,#1400,#1401,#1402,
#1403,#1404,#1405,#1406,#1407,#1408,#1409,#1410,#1411,#1412,#1413,#1414,
#1415,#1416,#1417,#1418,#1419,#1420,#1421,#1422,#1423,#1424,#1425,#1426,
#1427,#1428,#1429,#1430,#1431,#1432,#1433,#1434,#1435,#1436,#1437,#1438,
#1439,#1440,#1441,#1442,#1443,#1444,#1445),#2789);
#2789=(
GEOMETRIC_REPRESENTATION_CONTEXT(3)
GLOBAL_UNCERTAINTY_ASSIGNED_CONTEXT((#2790))
GLOBAL_UNIT_ASSIGNED_CONTEXT((#2793,#2792,#2791))
REPRESENTATION_CONTEXT('MCG6D0N03YL-TP','TOP_LEVEL_ASSEMBLY_PART')
);
#2790=UNCERTAINTY_MEASURE_WITH_UNIT(LENGTH_MEASURE(0.005),#2793,
'DISTANCE_ACCURACY_VALUE','Maximum Tolerance applied to model');
#2791=(
NAMED_UNIT(*)
SI_UNIT($,.STERADIAN.)
SOLID_ANGLE_UNIT()
);
#2792=(
NAMED_UNIT(*)
PLANE_ANGLE_UNIT()
SI_UNIT($,.RADIAN.)
);
#2793=(
LENGTH_UNIT()
NAMED_UNIT(*)
SI_UNIT(.MILLI.,.METRE.)
);
#2794=PRODUCT_DEFINITION_SHAPE('','',#2795);
#2795=PRODUCT_DEFINITION('','',#2797,#2796);
#2796=PRODUCT_DEFINITION_CONTEXT('',#2803,'design');
#2797=PRODUCT_DEFINITION_FORMATION_WITH_SPECIFIED_SOURCE('','',#2799,
 .NOT_KNOWN.);
#2798=PRODUCT_RELATED_PRODUCT_CATEGORY('','',(#2799));
#2799=PRODUCT('MCG6D0N03YL-TP','MCG6D0N03YL-TP','MCG6D0N03YL-TP',(#2801));
#2800=PRODUCT_CATEGORY('','');
#2801=PRODUCT_CONTEXT('',#2803,'mechanical');
#2802=APPLICATION_PROTOCOL_DEFINITION('international standard',
'automotive_design',2010,#2803);
#2803=APPLICATION_CONTEXT(
'core data for automotive mechanical design processes');
ENDSEC;
END-ISO-10303-21;
